"REF","POS","DP","QUAL","MQ","AF","AN","Dels","FS","HaplotypeScore","dataset","A","C","G","T","prop","max_copy","max_prob","N","Y","exp_ratio","total_copy","min_copy","base_ratio"
"C",118,50294,"1371864.29",60,"0.500,0.500",2,0,0,2974.5173,"Ecoli-454-LGC-1",20711,3,29384,0,0.586565525501547,"4",1,50095,29384,"4:3",7,3,"4:3"
"C",975,60527,"1794638.29",59.99,"0.500,0.500",2,0,0,11678.1565,"Ecoli-454-LGC-1",50013,9,10492,0,0.826592843566647,"6",1,60505,50013,"6:1",7,1,"6:1"
"A",979,60528,"1674803.29",59.99,"0.500,0.500",2,0,0,11694.5834,"Ecoli-454-LGC-1",79,53234,7140,43,0.881737171630172,"6",1,60374,53234,"6:1",7,1,"6:1"
"A",983,60528,"1844985.29",59.99,"0.500,0.500",2,0,0,11871.7241,"Ecoli-454-LGC-1",13,53412,2,7057,0.8832955729382,"6",1,60469,53412,"6:1",7,1,"6:1"
"C",992,60531,"1930029.29",59.99,"0.500,0.500",2,0,0,1246.3526,"Ecoli-454-LGC-1",7129,0,53389,1,0.882200337089792,"6",1,60518,53389,"6:1",7,1,"6:1"
"T",993,60528,"1926451.29",59.99,"0.500,0.500",2,0,0,1217.1208,"Ecoli-454-LGC-1",53410,0,7109,7,0.882532758307308,"6",1,60519,53410,"6:1",7,1,"6:1"
"C",994,60520,"1917666.29",60,"0.500,0.500",2,0,0,1612.9344,"Ecoli-454-LGC-1",7080,14,5,53378,0.882893909821694,"6",1,60458,53378,"6:1",7,1,"6:1"
"G",995,60524,"1918066.29",60,"0.500,0.500",2,0,0,1619.7297,"Ecoli-454-LGC-1",7104,34,9,53361,0.882510543289506,"6",1,60465,53361,"6:1",7,1,"6:1"
"A",996,63181,"1965800.29",60,"0.500,0.500",2,0,0,1688.1544,"Ecoli-454-LGC-1",21,5,56085,7049,0.888348591883929,"6",1,63134,56085,"6:1",7,1,"6:1"
"A",1011,65026,"2130943.29",60,"0.500,0.500",2,0,0,1932.9567,"Ecoli-454-LGC-1",9,8937,25,56053,0.862486536390214,"6",1,64990,56053,"6:1",7,1,"6:1"
"C",1395,59101,"1659009.29",60,"0.500,0.500",2,0,0,17137.1216,"Ecoli-454-LGC-1",24459,9,34156,303,0.582717734368336,"4",1,58615,34156,"4:3",7,3,"4:3"
"C",118,30718,"584519.29",60,"0.500,0.500",2,0.03,0,6175.7526,"Ecoli-454-LGC-2",12120,3,17569,0,0.591767994880259,"4",1,29689,17569,"4:3",7,3,"4:3"
"C",975,21045,"543387.29",60,"0.500,0.500",2,0,0,1091.0798,"Ecoli-454-LGC-2",18512,8,2493,2,0.881313972863604,"6",1,21005,18512,"6:1",7,1,"6:1"
"A",979,21046,"500683.29",60,"0.500,0.500",2,0,0,1092.1518,"Ecoli-454-LGC-2",4,18271,2653,39,0.873207799655898,"6",1,20924,18271,"6:1",7,1,"6:1"
"A",983,21046,"567693.77",60,"1.00",2,0,0,1307.5468,"Ecoli-454-LGC-2",26,18585,13,2348,0.887832608799503,"6",1,20933,18585,"6:1",7,1,"6:1"
"C",992,21049,"563480.29",60,"0.500,0.500",2,0,0,693.9115,"Ecoli-454-LGC-2",2477,0,18562,1,0.882266267408147,"6",1,21039,18562,"6:1",7,1,"6:1"
"T",993,21049,"569976.29",60,"0.500,0.500",2,0,0,650.3022,"Ecoli-454-LGC-2",18578,0,2469,2,0.882691119874566,"6",1,21047,18578,"6:1",7,1,"6:1"
"C",994,21049,"549894.29",60,"0.500,0.500",2,0,0,704.3826,"Ecoli-454-LGC-2",2465,7,12,18545,0.88267491670633,"6",1,21010,18545,"6:1",7,1,"6:1"
"G",995,21054,"552498.29",60,"0.500,0.500",2,0,0,612.2421,"Ecoli-454-LGC-2",2484,10,4,18552,0.881916714204221,"6",1,21036,18552,"6:1",7,1,"6:1"
"A",996,22835,"570990.29",60,"0.500,0.500",2,0,0,626.8865,"Ecoli-454-LGC-2",10,2,20371,2449,0.892681858019281,"6",1,22820,20371,"6:1",7,1,"6:1"
"A",1011,24080,"668191.29",60,"0.500,0.500",2,0,0,1219.5225,"Ecoli-454-LGC-2",39,3663,23,20342,0.847406790252031,"6",1,24005,20342,"6:1",7,1,"6:1"
"C",1395,22973,"566228.29",60,"0.500,0.500",2,0.01,0,6384.0129,"Ecoli-454-LGC-2",9636,6,13088,105,0.575954937511002,"4",1,22724,13088,"4:3",7,3,"4:3"
"C",118,56830,"1063667.29",60,"0.500,0.500",2,0.08,0,7888.6048,"Ecoli-454-LGC-3",23310,7,28772,0,0.552436542375485,"4",1,52082,28772,"4:3",7,3,"4:3"
"C",975,32612,"1087953.29",60,"0.500,0.500",2,0,0,7784.5267,"Ecoli-454-LGC-3",27657,0,4949,1,0.848218119364534,"6",1,32606,27657,"6:1",7,1,"6:1"
"A",979,32610,"931446.29",60,"0.500,0.500",2,0,0,7796.1615,"Ecoli-454-LGC-3",44,22651,4862,5043,0.823283538690801,"6",1,27513,22651,"6:1",7,1,"6:1"
"A",983,32610,"1048460.29",60,"0.500,0.500",2,0,0,8029.8637,"Ecoli-454-LGC-3",12,27728,3,4848,0.851178781925344,"6",1,32576,27728,"6:1",7,1,"6:1"
"C",992,32609,"1091366.29",60,"0.500,0.500",2,0,0,775.6188,"Ecoli-454-LGC-3",4870,0,27730,0,0.850613496932515,"6",1,32600,27730,"6:1",7,1,"6:1"
"T",993,32609,"1091471.29",60,"0.500,0.500",2,0,0,756.8038,"Ecoli-454-LGC-3",27742,0,4860,2,0.850929390834918,"6",1,32602,27742,"6:1",7,1,"6:1"
"C",994,32609,"1087296.29",60,"0.500,0.500",2,0,0,751.4073,"Ecoli-454-LGC-3",4845,14,8,27728,0.851257176188868,"6",1,32573,27728,"6:1",7,1,"6:1"
"G",995,32618,"1087865.29",60,"0.500,0.500",2,0,0,699.7525,"Ecoli-454-LGC-3",4868,15,5,27726,0.850647358409523,"6",1,32594,27726,"6:1",7,1,"6:1"
"A",996,42487,"1317112.29",60,"0.500,0.500",2,0,0,808.7296,"Ecoli-454-LGC-3",10,3,37623,4841,0.885997550866616,"6",1,42464,37623,"6:1",7,1,"6:1"
"A",1011,44113,"1417074.29",60,"0.500,0.500",2,0,0,1134.4912,"Ecoli-454-LGC-3",5,6103,6,37995,0.861603700848111,"6",1,44098,37995,"6:1",7,1,"6:1"
"C",1395,40163,"1053139.29",60,"0.500,0.500",2,0,0,24276.6863,"Ecoli-454-LGC-3",16778,4,23046,137,0.578696263559663,"4",1,39824,23046,"4:3",7,3,"4:3"
"C",118,4706,"92384.29000000001",60,"0.500,0.500",2,0.01,0,1469.2261,"Ecoli-454-NMIA-1",2145,0,2504,1,0.538610453861045,"4",1,4649,2504,"4:3",7,3,"4:3"
"C",975,3128,"101269.29000000001",59.99,"0.500,0.500",2,0,0,240.3172,"Ecoli-454-NMIA-1",2443,1,677,2,0.783012820512821,"5",0.999999999999998,3120,2443,"6:1",7,2,"5:2"
"A",979,3171,"96975.28999999998",59.99,"0.500,0.500",2,0,0,225.5538,"Ecoli-454-NMIA-1",1,2451,718,0,0.773430104133796,"5",1,3169,2451,"6:1",7,2,"5:2"
"A",983,3171,"94377.29",59.99,"0.500,0.500",2,0.01,0,253.2644,"Ecoli-454-NMIA-1",10,2460,0,675,0.784688995215311,"5",0.999999999999777,3135,2460,"6:1",7,2,"5:2"
"C",992,3173,"102678.29",59.99,"0.500,0.500",2,0,0,209.8461,"Ecoli-454-NMIA-1",705,0,2464,0,0.777532344588198,"5",1,3169,2464,"6:1",7,2,"5:2"
"T",993,3173,"104498.29",59.99,"0.500,0.500",2,0,0,212.6038,"Ecoli-454-NMIA-1",2468,0,704,1,0.778058007566204,"5",1,3172,2468,"6:1",7,2,"5:2"
"C",994,3173,"102031.29",59.99,"0.500,0.500",2,0,0,331.1384,"Ecoli-454-NMIA-1",702,5,5,2459,0.777918380259412,"5",1,3161,2459,"6:1",7,2,"5:2"
"G",995,3174,"101667.29",59.99,"0.500,0.500",2,0,0,328.6961,"Ecoli-454-NMIA-1",704,2,5,2463,0.777707609725292,"5",1,3167,2463,"6:1",7,2,"5:2"
"A",996,4347,"107438.29",59.99,"0.500,0.500",2,0,0,1037.3867,"Ecoli-454-NMIA-1",1,1,3648,697,0.839585730724971,"6",1,4345,3648,"6:1",7,1,"6:1"
"A",1011,4959,"102916.29",59.99,"0.500,0.500",2,0,0,1311.9847,"Ecoli-454-NMIA-1",2,907,7,4043,0.816767676767677,"6",1,4950,4043,"6:1",7,1,"6:1"
"C",1395,5275,"101615.28999999998",60,"0.500,0.500",2,0,0,2137.7049,"Ecoli-454-NMIA-1",2155,1,3082,11,0.588504869199924,"4",1,5237,3082,"4:3",7,3,"4:3"
"C",118,1,"-10.0",60,NA,NA,NA,NA,NA,"Ecoli-Sanger-ISP-1",0,0,0,0,0,"0",1,0,0,"4:3",7,7,"0:7"
"C",975,1,"12.77",60,"1",2,0,0,0,"Ecoli-Sanger-ISP-1",1,0,0,0,1,"7",1,1,1,"6:1",7,0,"7:0"
"A",979,1,"9.99",60,"1",2,0,0,0,"Ecoli-Sanger-ISP-1",0,1,0,0,1,"7",1,1,1,"6:1",7,0,"7:0"
"A",983,1,"11.83",60,"1",2,0,0,0,"Ecoli-Sanger-ISP-1",0,1,0,0,1,"7",1,1,1,"6:1",7,0,"7:0"
"C",992,1,"10.9",60,"1",2,0,0,0,"Ecoli-Sanger-ISP-1",0,0,1,0,1,"7",1,1,1,"6:1",7,0,"7:0"
"T",993,1,"12.77",60,"1",2,0,0,0,"Ecoli-Sanger-ISP-1",1,0,0,0,1,"7",1,1,1,"6:1",7,0,"7:0"
"C",994,1,"10.9",60,"1",2,0,0,0,"Ecoli-Sanger-ISP-1",0,0,0,1,1,"7",1,1,1,"6:1",7,0,"7:0"
"G",995,1,"10.9",60,"1",2,0,0,0,"Ecoli-Sanger-ISP-1",0,0,0,1,1,"7",1,1,1,"6:1",7,0,"7:0"
"A",996,1,"15.649999999999999",60,"1",2,0,0,0,"Ecoli-Sanger-ISP-1",0,0,1,0,1,"7",1,1,1,"6:1",7,0,"7:0"
"A",1011,1,"11.83",60,"1",2,0,0,0,"Ecoli-Sanger-ISP-1",0,0,0,1,1,"7",1,1,1,"6:1",7,0,"7:0"
"C",1395,1,"5.08",60,NA,2,NA,NA,NA,"Ecoli-Sanger-ISP-1",0,0,1,0,1,"7",1,1,1,"4:3",7,0,"7:0"
"C",118,47,"1577.29",60,"0.500,0.500",2,0,0,0,"Ecoli-Sanger-LGC-1",20,0,27,0,0.574468085106383,"4",0.809545741781214,47,27,"4:3",7,3,"4:3"
"C",975,47,"1978.77",60,"1.00",2,0,0,2,"Ecoli-Sanger-LGC-1",45,0,2,0,0.957446808510638,"6",0.99243854323509,47,45,"6:1",7,1,"6:1"
"A",979,47,"1974.77",60,"1.00",2,0,0,2,"Ecoli-Sanger-LGC-1",0,45,2,0,0.957446808510638,"6",0.99243854323509,47,45,"6:1",7,1,"6:1"
"A",983,47,"1976.77",60,"1.00",2,0,0,2,"Ecoli-Sanger-LGC-1",0,45,0,2,0.957446808510638,"6",0.99243854323509,47,45,"6:1",7,1,"6:1"
"C",992,47,"1977.77",60,"1.00",2,0,0,0,"Ecoli-Sanger-LGC-1",2,0,45,0,0.957446808510638,"6",0.99243854323509,47,45,"6:1",7,1,"6:1"
"T",993,47,"1978.77",60,"1.00",2,0,0,0,"Ecoli-Sanger-LGC-1",45,0,2,0,0.957446808510638,"6",0.99243854323509,47,45,"6:1",7,1,"6:1"
"C",994,47,"1975.77",60,"1.00",2,0,0,0,"Ecoli-Sanger-LGC-1",2,0,0,45,0.957446808510638,"6",0.99243854323509,47,45,"6:1",7,1,"6:1"
"G",995,47,"1979.77",60,"1.00",2,0,0,0,"Ecoli-Sanger-LGC-1",2,0,0,45,0.957446808510638,"6",0.99243854323509,47,45,"6:1",7,1,"6:1"
"A",996,47,"1977.77",60,"1.00",2,0,0,0,"Ecoli-Sanger-LGC-1",0,0,45,2,0.957446808510638,"6",0.99243854323509,47,45,"6:1",7,1,"6:1"
"A",1011,47,"1747.8199999999997",60,"1.00",2,0,0,2,"Ecoli-Sanger-LGC-1",0,4,0,43,0.914893617021277,"6",0.98188482660266,47,43,"6:1",7,1,"6:1"
"C",1395,40,"1149.29",60,"0.500,0.500",2,0,0,24.5746,"Ecoli-Sanger-LGC-1",17,0,23,0,0.575,"4",0.755521962628762,40,23,"4:3",7,3,"4:3"
"C",118,61,"2238.29",60,"0.500,0.500",2,0,0,0,"Ecoli-Sanger-NIST-1",22,0,39,0,0.639344262295082,"4",0.563593791693651,61,39,"4:3",7,3,"4:3"
"C",975,29,"1047.23",60,"1.00",2,0,0,0,"Ecoli-Sanger-NIST-1",26,0,3,0,0.896551724137931,"6",0.89625960370617,29,26,"6:1",7,1,"6:1"
"A",979,29,"1047.23",60,"1.00",2,0,0,0,"Ecoli-Sanger-NIST-1",0,26,3,0,0.896551724137931,"6",0.89625960370617,29,26,"6:1",7,1,"6:1"
"A",983,29,"1047.23",60,"1.00",2,0,0,0,"Ecoli-Sanger-NIST-1",0,26,0,3,0.896551724137931,"6",0.89625960370617,29,26,"6:1",7,1,"6:1"
"C",992,29,"1047.23",60,"1.00",2,0,0,0,"Ecoli-Sanger-NIST-1",3,0,26,0,0.896551724137931,"6",0.89625960370617,29,26,"6:1",7,1,"6:1"
"T",993,29,"1047.23",60,"1.00",2,0,0,0,"Ecoli-Sanger-NIST-1",26,0,3,0,0.896551724137931,"6",0.89625960370617,29,26,"6:1",7,1,"6:1"
"C",994,29,"1047.23",60,"1.00",2,0,0,0,"Ecoli-Sanger-NIST-1",3,0,0,26,0.896551724137931,"6",0.89625960370617,29,26,"6:1",7,1,"6:1"
"G",995,29,"1047.23",60,"1.00",2,0,0,0,"Ecoli-Sanger-NIST-1",3,0,0,26,0.896551724137931,"6",0.89625960370617,29,26,"6:1",7,1,"6:1"
"A",996,29,"1047.23",60,"1.00",2,0,0,0,"Ecoli-Sanger-NIST-1",0,0,26,3,0.896551724137931,"6",0.89625960370617,29,26,"6:1",7,1,"6:1"
"A",1011,29,"1047.23",60,"1.00",2,0,0,0,"Ecoli-Sanger-NIST-1",0,3,0,26,0.896551724137931,"6",0.89625960370617,29,26,"6:1",7,1,"6:1"
"C",1395,29,"1037.29",60,"0.500,0.500",2,0,0,0,"Ecoli-Sanger-NIST-1",12,0,17,0,0.586206896551724,"4",0.645048975926333,29,17,"4:3",7,3,"4:3"
"A",175,6641,"167629.29",60,"0.500,0.500",2,0,0,246.5656,"Lmono-454-LGC-1",2,1,5351,1287,0.806116300090389,"5",1,6638,5351,"5:1",6,1,"5:1"
"A",188,6640,"161397.29",60,"0.500,0.500",2,0,0,1731.5544,"Lmono-454-LGC-1",0,3358,310,2972,0.469510268562401,"3",1,6330,2972,"3:3",6,3,"3:3"
"C",419,11583,"202291.29",59.97,"0.500,0.500",2,0,0,2381.1797,"Lmono-454-LGC-1",1576,0,9992,15,0.863762102351314,"5",1,11568,9992,"5:1",6,1,"5:1"
"A",175,50184,"1732182.29",60,"0.500,0.500",2,0,0,1010.2291,"Lmono-454-LGC-2",3,5,41729,8418,0.832133527429358,"5",1,50147,41729,"5:1",6,1,"5:1"
"A",188,50174,"1743726.29",60,"0.500,0.500",2,0,0,2058.6012,"Lmono-454-LGC-2",2,26553,311,23296,0.467331340648759,"3",1,49849,23296,"3:3",6,3,"3:3"
"C",419,80149,"2350073.29",60,"0.500,0.500",2,0,0,4883.6672,"Lmono-454-LGC-2",9585,0,70527,36,0.880355002995806,"5",1,80112,70527,"5:1",6,1,"5:1"
"A",175,44261,"1513366.29",60,"0.500,0.500",2,0,0,987.0636,"Lmono-454-LGC-3",9,4,36794,7411,0.832349281755458,"5",1,44205,36794,"5:1",6,1,"5:1"
"A",188,44253,"1522710.29",60,"0.500,0.500",2,0,0,1721.1968,"Lmono-454-LGC-3",5,23586,214,20433,0.464185919716486,"3",1,44019,20433,"3:3",6,3,"3:3"
"C",419,76778,"2077844.29",60,"0.500,0.500",2,0,0,17956.0159,"Lmono-454-LGC-3",9778,0,66969,31,0.872594368509518,"5",1,76747,66969,"5:1",6,1,"5:1"
"A",175,6554,"165306.29",60,"0.500,0.500",2,0,0,244.654,"Lmono-454-NMIA-1",2,1,5278,1273,0.805678522362998,"5",1,6551,5278,"5:1",6,1,"5:1"
"A",188,6553,"159295.29",60,"0.500,0.500",2,0,0,1711.7707,"Lmono-454-NMIA-1",0,3307,309,2937,0.470371556694427,"3",1,6244,2937,"3:3",6,3,"3:3"
"C",419,11422,"199643.29",60,"0.500,0.500",2,0,0,2300.0925,"Lmono-454-NMIA-1",1560,0,9847,15,0.86324186902779,"5",1,11407,9847,"5:1",6,1,"5:1"
"A",175,2,"56.74",60,"1",2,0,0,0,"Lmono-Sanger-ATCC-1",0,0,2,0,1,"6",1,2,2,"5:1",6,0,"6:0"
"A",188,2,"-10.0",60,NA,NA,NA,NA,NA,"Lmono-Sanger-ATCC-1",0,0,0,0,0,"0",1,0,0,"3:3",6,6,"0:6"
"C",419,2,"17.61",60,"1",2,0,0,0,"Lmono-Sanger-ATCC-1",0,0,1,0,1,"6",1,1,1,"5:1",6,0,"6:0"
"A",175,2,"38.74",60,"1",2,0,0,0,"Lmono-Sanger-ISP-1",0,0,2,0,1,"6",1,2,2,"5:1",6,0,"6:0"
"A",188,2,"-10.0",60,NA,NA,NA,NA,NA,"Lmono-Sanger-ISP-1",0,0,0,0,0,"0",1,0,0,"3:3",6,6,"0:6"
"C",419,3,"87.28",60,"1",2,0,0,0,"Lmono-Sanger-ISP-1",0,0,3,0,1,"6",1,3,3,"5:1",6,0,"6:0"
"A",175,44,"1559.29",60,"0.500,0.500",2,0,0,0.9159,"Lmono-Sanger-LGC-1",0,0,38,6,0.863636363636364,"5",0.975755991421842,44,38,"5:1",6,1,"5:1"
"A",188,44,"1576.29",60,"0.500,0.500",2,0,0,0,"Lmono-Sanger-LGC-1",0,18,0,26,0.590909090909091,"4",0.538921597340568,44,26,"3:3",6,2,"4:2"
"C",419,87,"2700.29",60,"0.500,0.500",2,0,0,2.8995,"Lmono-Sanger-LGC-1",12,0,75,0,0.862068965517241,"5",0.999265449524057,87,75,"5:1",6,1,"5:1"
