"gc-1","gc-2","gc-3","gc-4","gc-5","gc-6","gc-7","likelihood","chimera","dataset"
1,1,1,1,1,1,1,0.999933893038648,Inf,"Ecoli-454-LGC-1"
1,1,1,1,1,1,2,0.156883559852847,22551.4075342723,"Ecoli-454-LGC-1"
1,1,1,1,1,1,3,0.999933893038648,Inf,"Ecoli-454-LGC-1"
1,1,1,1,1,1,4,0.814470167584886,36145.326065184,"Ecoli-454-LGC-1"
1,1,1,1,1,2,2,0.156883559852023,8670.56688343978,"Ecoli-454-LGC-1"
1,1,1,1,1,2,3,0.161435522291155,25069.0096831569,"Ecoli-454-LGC-1"
1,1,1,1,1,2,4,0.0424137570754769,11457.8663172127,"Ecoli-454-LGC-1"
1,1,1,1,1,3,3,0.999933893038648,Inf,"Ecoli-454-LGC-1"
1,1,1,1,1,3,4,0.99992124608792,36390.0643590816,"Ecoli-454-LGC-1"
1,1,1,1,1,4,4,0.814470167584938,22264.4854143515,"Ecoli-454-LGC-1"
1,1,1,1,2,2,2,0.156883559852847,3012.393940421,"Ecoli-454-LGC-1"
1,1,1,1,2,2,3,0.165132664683136,11780.2630405563,"Ecoli-454-LGC-1"
1,1,1,1,2,2,4,0.034346470678567,2409.70608054881,"Ecoli-454-LGC-1"
1,1,1,1,2,3,3,0.190509671242943,28275.6600274788,"Ecoli-454-LGC-1"
1,1,1,1,2,3,4,6.61069613518961e-05,13770.5579325234,"Ecoli-454-LGC-1"
1,1,1,1,2,4,4,0.126529856173895,11253.8897353251,"Ecoli-454-LGC-1"
1,1,1,1,3,3,3,0.999933893038648,Inf,"Ecoli-454-LGC-1"
1,1,1,1,3,3,4,0.999927400051595,36390.294021077,"Ecoli-454-LGC-1"
1,1,1,1,3,4,4,0.999928140659647,22509.2643617721,"Ecoli-454-LGC-1"
1,1,1,1,4,4,4,0.814470167584949,16606.3124713328,"Ecoli-454-LGC-1"
1,1,1,2,2,2,2,0.156883559852849,1731.34567179327,"Ecoli-454-LGC-1"
1,1,1,2,2,2,3,0.172416077369365,7058.12782350439,"Ecoli-454-LGC-1"
1,1,1,2,2,2,4,0.0363621878955701,274.130616872804,"Ecoli-454-LGC-1"
1,1,1,2,2,3,3,0.213047837510136,15829.093884513,"Ecoli-454-LGC-1"
1,1,1,2,2,3,4,6.61069613518961e-05,5663.91247888055,"Ecoli-454-LGC-1"
1,1,1,2,2,4,4,0.042413757075562,4518.64510556619,"Ecoli-454-LGC-1"
1,1,1,2,3,3,3,0.272271600165519,31939.9784206509,"Ecoli-454-LGC-1"
1,1,1,2,3,3,4,6.61069613518961e-05,19005.6384130402,"Ecoli-454-LGC-1"
1,1,1,2,3,4,4,0.216545497588215,15321.1820311579,"Ecoli-454-LGC-1"
1,1,1,2,4,4,4,0.31084232703225,12502.6836395846,"Ecoli-454-LGC-1"
1,1,1,3,3,3,3,0.999933893038648,Inf,"Ecoli-454-LGC-1"
1,1,1,3,3,3,4,0.999933893038648,36390.4813856274,"Ecoli-454-LGC-1"
1,1,1,3,3,4,4,0.99995587662629,22509.3942147032,"Ecoli-454-LGC-1"
1,1,1,3,4,4,4,0.99994110577528,16851.1292049251,"Ecoli-454-LGC-1"
1,1,1,4,4,4,4,0.814470167584938,15325.264202705,"Ecoli-454-LGC-1"
1,1,2,2,2,2,2,0.156883559852008,4590.32425440411,"Ecoli-454-LGC-1"
1,1,2,2,2,2,3,0.190509671242738,7455.59816499974,"Ecoli-454-LGC-1"
1,1,2,2,2,2,4,0.0408091433940304,2934.97450607264,"Ecoli-454-LGC-1"
1,1,2,2,2,3,3,0.272271600166405,12400.9648267997,"Ecoli-454-LGC-1"
1,1,2,2,2,3,4,6.61069613518961e-05,5729.29100834054,"Ecoli-454-LGC-1"
1,1,2,2,2,4,4,0.035526536239771,5083.5093285343,"Ecoli-454-LGC-1"
1,1,2,2,3,3,3,0.39231870226734,20145.6143461376,"Ecoli-454-LGC-1"
1,1,2,2,3,3,4,6.61069613518961e-05,13286.2094688964,"Ecoli-454-LGC-1"
1,1,2,2,3,4,4,6.61069613518961e-05,10087.6456383882,"Ecoli-454-LGC-1"
1,1,2,2,4,4,4,0.0667916375564702,10460.170150032,"Ecoli-454-LGC-1"
1,1,2,3,3,3,3,0.520497378734588,35117.6332831047,"Ecoli-454-LGC-1"
1,1,2,3,3,3,4,0.999933893038648,22509.2853251192,"Ecoli-454-LGC-1"
1,1,2,3,3,4,4,0.999933893038648,16851.1452989357,"Ecoli-454-LGC-1"
1,1,2,3,4,4,4,0.999946416818406,15569.9584758396,"Ecoli-454-LGC-1"
1,1,2,4,4,4,4,0.435545090644593,16387.8979877867,"Ecoli-454-LGC-1"
1,1,3,3,3,3,3,0.999933893038648,Inf,"Ecoli-454-LGC-1"
1,1,3,3,3,3,4,0.999933893038648,36390.6952610171,"Ecoli-454-LGC-1"
1,1,3,3,3,4,4,0.999933893038648,22509.7690597208,"Ecoli-454-LGC-1"
1,1,3,3,4,4,4,0.999933893038648,16851.4677917761,"Ecoli-454-LGC-1"
1,1,3,4,4,4,4,0.999927400051595,15570.2321585979,"Ecoli-454-LGC-1"
1,1,4,4,4,4,4,0.814470167584924,18184.2427853158,"Ecoli-454-LGC-1"
1,2,2,2,2,2,2,0.15688355985285,14572.7026177998,"Ecoli-454-LGC-1"
1,2,2,2,2,2,3,0.272271600166424,13978.8951407828,"Ecoli-454-LGC-1"
1,2,2,2,2,2,4,0.0465961267315429,12938.434149947,"Ecoli-454-LGC-1"
1,2,2,2,2,3,3,0.520497378735053,14297.5714206257,"Ecoli-454-LGC-1"
1,2,2,2,2,3,4,0.0238918251079829,13978.8951399294,"Ecoli-454-LGC-1"
1,2,2,2,2,4,4,0.0343464706785778,13970.0147579276,"Ecoli-454-LGC-1"
1,2,2,2,3,3,3,0.713975703348943,16444.3487678016,"Ecoli-454-LGC-1"
1,2,2,2,3,3,4,0.821758056287658,15528.6444372781,"Ecoli-454-LGC-1"
1,2,2,2,3,4,4,6.61069613518961e-05,15984.5832667318,"Ecoli-454-LGC-1"
1,2,2,2,4,4,4,0.0424137570754873,17360.0020515727,"Ecoli-454-LGC-1"
1,2,2,3,3,3,3,0.831472510590897,22372.5635672654,"Ecoli-454-LGC-1"
1,2,2,3,3,3,4,0.999933893038648,16851.1436325657,"Ecoli-454-LGC-1"
1,2,2,3,3,4,4,0.999933893038648,15570.1496639364,"Ecoli-454-LGC-1"
1,2,2,3,4,4,4,0.999933893038648,18429.0111158416,"Ecoli-454-LGC-1"
1,2,2,4,4,4,4,0.126529856175919,22814.1984127039,"Ecoli-454-LGC-1"
1,2,3,3,3,3,3,0.906721320167288,36348.7062996618,"Ecoli-454-LGC-1"
1,2,3,3,3,3,4,0.999933893038648,22509.5419777418,"Ecoli-454-LGC-1"
1,2,3,3,3,4,4,0.999933893038648,16851.4661129823,"Ecoli-454-LGC-1"
1,2,3,3,4,4,4,0.999933893038648,15570.391527743,"Ecoli-454-LGC-1"
1,2,3,4,4,4,4,0.999933893038648,18429.204608564,"Ecoli-454-LGC-1"
1,2,4,4,4,4,4,0.512891410146008,26881.4907099322,"Ecoli-454-LGC-1"
1,3,3,3,3,3,3,0.999933893038648,Inf,"Ecoli-454-LGC-1"
1,3,3,3,3,3,4,0.999933893038648,36390.9091389722,"Ecoli-454-LGC-1"
1,3,3,3,3,4,4,0.999933893038648,22510.0257123434,"Ecoli-454-LGC-1"
1,3,3,3,4,4,4,0.999933893038648,16851.7886058227,"Ecoli-454-LGC-1"
1,3,3,4,4,4,4,0.999933893038648,15570.633398538,"Ecoli-454-LGC-1"
1,3,4,4,4,4,4,0.999933893038648,18429.3981057592,"Ecoli-454-LGC-1"
1,4,4,4,4,4,4,0.814470167583591,28166.6211487115,"Ecoli-454-LGC-1"
2,2,2,2,2,2,2,0.999933893038648,Inf,"Ecoli-454-LGC-1"
2,2,2,2,2,2,3,0.999933283612679,28411.4521179535,"Ecoli-454-LGC-1"
2,2,2,2,2,2,4,0.999933893038648,Inf,"Ecoli-454-LGC-1"
2,2,2,2,2,3,3,0.999933283612679,18429.0737545578,"Ecoli-454-LGC-1"
2,2,2,2,2,3,4,0.99993168801133,28411.622540903,"Ecoli-454-LGC-1"
2,2,2,2,2,4,4,0.999933893038648,Inf,"Ecoli-454-LGC-1"
2,2,2,2,3,3,3,0.999933283612679,15570.0951719469,"Ecoli-454-LGC-1"
2,2,2,2,3,3,4,0.999943542594096,18429.2144797681,"Ecoli-454-LGC-1"
2,2,2,2,3,4,4,0.999933893038648,28411.7731297633,"Ecoli-454-LGC-1"
2,2,2,2,4,4,4,0.999933893038648,Inf,"Ecoli-454-LGC-1"
2,2,2,3,3,3,3,0.999933283612679,16851.1434405747,"Ecoli-454-LGC-1"
2,2,2,3,3,3,4,0.999922798863157,15570.4026623516,"Ecoli-454-LGC-1"
2,2,2,3,3,4,4,0.999933893038648,18429.459261457,"Ecoli-454-LGC-1"
2,2,2,3,4,4,4,0.999933893038648,28411.9343684186,"Ecoli-454-LGC-1"
2,2,2,4,4,4,4,0.999933893038648,Inf,"Ecoli-454-LGC-1"
2,2,3,3,3,3,3,0.999933283612679,22509.3163835934,"Ecoli-454-LGC-1"
2,2,3,3,3,3,4,0.999933893038648,16851.4644523845,"Ecoli-454-LGC-1"
2,2,3,3,3,4,4,0.999933893038648,15570.5774224121,"Ecoli-454-LGC-1"
2,2,3,3,4,4,4,0.999933893038648,18429.6527497069,"Ecoli-454-LGC-1"
2,2,3,4,4,4,4,0.999933893038648,28412.0956101799,"Ecoli-454-LGC-1"
2,2,4,4,4,4,4,0.999933893038648,Inf,"Ecoli-454-LGC-1"
2,3,3,3,3,3,3,0.999933283612679,36390.1570344261,"Ecoli-454-LGC-1"
2,3,3,3,3,3,4,0.999933893038648,22509.7986340586,"Ecoli-454-LGC-1"
2,3,3,3,3,4,4,0.999933893038648,16851.7869328011,"Ecoli-454-LGC-1"
2,3,3,3,4,4,4,0.999933893038648,15570.8192862187,"Ecoli-454-LGC-1"
2,3,3,4,4,4,4,0.999933893038648,18429.8462424295,"Ecoli-454-LGC-1"
2,3,4,4,4,4,4,0.999933893038648,28412.256855047,"Ecoli-454-LGC-1"
2,4,4,4,4,4,4,0.999933893038648,Inf,"Ecoli-454-LGC-1"
3,3,3,3,3,3,3,0.999933893038648,Inf,"Ecoli-454-LGC-1"
3,3,3,3,3,3,4,0.999933893038648,36391.1230194928,"Ecoli-454-LGC-1"
3,3,3,3,3,4,4,0.999933893038648,22510.2823686602,"Ecoli-454-LGC-1"
3,3,3,3,4,4,4,0.999933893038648,16852.1094256415,"Ecoli-454-LGC-1"
3,3,3,4,4,4,4,0.999933893038648,15571.0611570137,"Ecoli-454-LGC-1"
3,3,4,4,4,4,4,0.999933893038648,18430.0397396245,"Ecoli-454-LGC-1"
3,4,4,4,4,4,4,0.999933893038648,28412.4181030202,"Ecoli-454-LGC-1"
4,4,4,4,4,4,4,0.999933893038648,Inf,"Ecoli-454-LGC-1"
1,1,1,1,1,1,1,0.999933893038648,Inf,"Ecoli-454-LGC-2"
1,1,1,1,1,1,2,0.127596434374032,9252.18317316909,"Ecoli-454-LGC-2"
1,1,1,1,1,1,3,0.999933893038648,Inf,"Ecoli-454-LGC-2"
1,1,1,1,1,1,4,0.943878310456704,15406.0307286834,"Ecoli-454-LGC-2"
1,1,1,1,1,2,2,0.12759643437407,3568.61622866741,"Ecoli-454-LGC-2"
1,1,1,1,1,2,3,0.12845118910746,10218.8202205335,"Ecoli-454-LGC-2"
1,1,1,1,1,2,4,0.0384845887962467,5531.86521793215,"Ecoli-454-LGC-2"
1,1,1,1,1,3,3,0.999933893038648,Inf,"Ecoli-454-LGC-2"
1,1,1,1,1,3,4,0.999937407092864,15413.6402192758,"Ecoli-454-LGC-2"
1,1,1,1,1,4,4,0.943878310450486,9722.46378418172,"Ecoli-454-LGC-2"
1,1,1,1,2,2,2,0.127596434374017,1158.64005885625,"Ecoli-454-LGC-2"
1,1,1,1,2,2,3,0.131038198468974,4767.0492178323,"Ecoli-454-LGC-2"
1,1,1,1,2,2,4,0.0288330518733891,1470.19927614389,"Ecoli-454-LGC-2"
1,1,1,1,2,3,3,0.149076788650401,11487.1583821538,"Ecoli-454-LGC-2"
1,1,1,1,2,3,4,6.61069613518961e-05,6443.27411345238,"Ecoli-454-LGC-2"
1,1,1,1,2,4,4,0.154691855407818,5545.33569779521,"Ecoli-454-LGC-2"
1,1,1,1,3,3,3,0.999933893038648,Inf,"Ecoli-454-LGC-2"
1,1,1,1,3,3,4,0.999949121743372,15413.6907336971,"Ecoli-454-LGC-2"
1,1,1,1,3,4,4,0.999946956486997,9730.07705315371,"Ecoli-454-LGC-2"
1,1,1,1,4,4,4,0.943878310455794,7312.48761437059,"Ecoli-454-LGC-2"
1,1,1,2,2,2,2,0.127596434374103,464.463218030112,"Ecoli-454-LGC-2"
1,1,1,2,2,2,3,0.136201467878377,2725.61004028312,"Ecoli-454-LGC-2"
1,1,1,2,2,2,4,0.0292538189721618,273.240976481582,"Ecoli-454-LGC-2"
1,1,1,2,2,3,3,0.165013712032033,6384.07257790666,"Ecoli-454-LGC-2"
1,1,1,2,2,3,4,6.61069613518961e-05,2722.67079435385,"Ecoli-454-LGC-2"
1,1,1,2,2,4,4,0.0384845887963525,2427.71220729486,"Ecoli-454-LGC-2"
1,1,1,2,3,3,3,0.20680697723019,13000.1493708701,"Ecoli-454-LGC-2"
1,1,1,2,3,3,4,6.61069613518961e-05,8416.57225962763,"Ecoli-454-LGC-2"
1,1,1,2,3,4,4,0.355414914561873,6995.39279874746,"Ecoli-454-LGC-2"
1,1,1,2,4,4,4,0.388973063080716,5801.15502232761,"Ecoli-454-LGC-2"
1,1,1,3,3,3,3,0.999933893038648,Inf,"Ecoli-454-LGC-2"
1,1,1,3,3,3,4,0.999933893038648,15413.8037617974,"Ecoli-454-LGC-2"
1,1,1,3,3,4,4,0.999937305606149,9730.17972359489,"Ecoli-454-LGC-2"
1,1,1,3,4,4,4,0.999920466992522,7320.16139062148,"Ecoli-454-LGC-2"
1,1,1,4,4,4,4,0.943878310456357,6618.31077354445,"Ecoli-454-LGC-2"
1,1,2,2,2,2,2,0.127596434373787,1357.60669265507,"Ecoli-454-LGC-2"
1,1,2,2,2,2,3,0.149076788650357,2699.43842701486,"Ecoli-454-LGC-2"
1,1,2,2,2,2,4,0.0316278860989067,982.941775047948,"Ecoli-454-LGC-2"
1,1,2,2,2,3,3,0.206806977230156,4906.60625655719,"Ecoli-454-LGC-2"
1,1,2,2,2,3,4,6.61069613518961e-05,2339.41964976772,"Ecoli-454-LGC-2"
1,1,2,2,2,4,4,0.030643612475465,2228.09172289399,"Ecoli-454-LGC-2"
1,1,2,2,3,3,3,0.2948393591068,8257.35268703839,"Ecoli-454-LGC-2"
1,1,2,2,3,3,4,6.61069613518961e-05,5586.3919079105,"Ecoli-454-LGC-2"
1,1,2,2,3,4,4,6.61069613518961e-05,4568.9176482551,"Ecoli-454-LGC-2"
1,1,2,2,4,4,4,0.0682334710210211,4723.77610835558,"Ecoli-454-LGC-2"
1,1,2,3,3,3,3,0.398143083602542,14490.7240324366,"Ecoli-454-LGC-2"
1,1,2,3,3,3,4,0.999933893038648,9730.0618540032,"Ecoli-454-LGC-2"
1,1,2,3,3,4,4,0.999933893038648,7320.11196302931,"Ecoli-454-LGC-2"
1,1,2,3,4,4,4,0.99992896950957,6625.89453061437,"Ecoli-454-LGC-2"
1,1,2,4,4,4,4,0.530191435703623,7035.69457631998,"Ecoli-454-LGC-2"
1,1,3,3,3,3,3,0.999933893038648,Inf,"Ecoli-454-LGC-2"
1,1,3,3,3,3,4,0.999933893038648,15413.8838645232,"Ecoli-454-LGC-2"
1,1,3,3,3,4,4,0.999933893038648,9730.28487881678,"Ecoli-454-LGC-2"
1,1,3,3,4,4,4,0.999933893038648,7320.26064748454,"Ecoli-454-LGC-2"
1,1,3,4,4,4,4,0.999949121743372,6625.97077855811,"Ecoli-454-LGC-2"
1,1,4,4,4,4,4,0.943878310462228,7511.45424816938,"Ecoli-454-LGC-2"
1,2,2,2,2,2,2,0.127596434374085,4928.66757392179,"Ecoli-454-LGC-2"
1,2,2,2,2,2,3,0.206806977230008,5105.57289035601,"Ecoli-454-LGC-2"
1,2,2,2,2,2,4,0.0349449064793993,4490.64516771259,"Ecoli-454-LGC-2"
1,2,2,2,2,3,3,0.398143083601642,5703.00407729761,"Ecoli-454-LGC-2"
1,2,2,2,2,3,4,6.61069613518961e-05,5132.98170661565,"Ecoli-454-LGC-2"
1,2,2,2,2,4,4,0.028833051873236,5240.22679120942,"Ecoli-454-LGC-2"
1,2,2,2,3,3,3,0.569740926660771,6900.13218619133,"Ecoli-454-LGC-2"
1,2,2,2,3,3,4,0.556210744650992,6491.45156455884,"Ecoli-454-LGC-2"
1,2,2,2,3,4,4,6.61069613518961e-05,6360.81588981961,"Ecoli-454-LGC-2"
1,2,2,2,4,4,4,0.0384845887962467,6891.91656318653,"Ecoli-454-LGC-2"
1,2,2,3,3,3,3,0.679193508783355,9504.77392962991,"Ecoli-454-LGC-2"
1,2,2,3,3,3,4,0.999933893038648,7320.08343800501,"Ecoli-454-LGC-2"
1,2,2,3,3,4,4,0.999933893038648,6625.94088457062,"Ecoli-454-LGC-2"
1,2,2,3,4,4,4,0.999933893038648,7519.04886053523,"Ecoli-454-LGC-2"
1,2,2,4,4,4,4,0.154691855400298,9315.36321286074,"Ecoli-454-LGC-2"
1,2,3,3,3,3,3,0.75041736158636,15279.1715197228,"Ecoli-454-LGC-2"
1,2,3,3,3,3,4,0.999933893038648,9730.15797807489,"Ecoli-454-LGC-2"
1,2,3,3,3,4,4,0.999933893038648,7320.23211747548,"Ecoli-454-LGC-2"
1,2,3,3,4,4,4,0.999933893038648,6626.05239557542,"Ecoli-454-LGC-2"
1,2,3,4,4,4,4,0.999933893038648,7519.13807001201,"Ecoli-454-LGC-2"
1,2,4,4,4,4,4,0.615797442673262,10765.420313879,"Ecoli-454-LGC-2"
1,3,3,3,3,3,3,0.999933893038648,Inf,"Ecoli-454-LGC-2"
1,3,3,3,3,3,4,0.999933893038648,15413.9639682022,"Ecoli-454-LGC-2"
1,3,3,3,3,4,4,0.999933893038648,9730.38100288843,"Ecoli-454-LGC-2"
1,3,3,3,4,4,4,0.999933893038648,7320.3808019307,"Ecoli-454-LGC-2"
1,3,3,4,4,4,4,0.999933893038648,6626.16390938417,"Ecoli-454-LGC-2"
1,3,4,4,4,4,4,0.999933893038648,7519.22728128335,"Ecoli-454-LGC-2"
1,4,4,4,4,4,4,0.943878310461329,11082.5151294361,"Ecoli-454-LGC-2"
2,2,2,2,2,2,2,0.999933893038648,Inf,"Ecoli-454-LGC-2"
2,2,2,2,2,2,3,0.999919789306897,11090.0861282453,"Ecoli-454-LGC-2"
2,2,2,2,2,2,4,0.999933893038648,Inf,"Ecoli-454-LGC-2"
2,2,2,2,2,3,3,0.999919789306897,7519.0252469785,"Ecoli-454-LGC-2"
2,2,2,2,2,3,4,0.999957185035572,11090.1244833924,"Ecoli-454-LGC-2"
2,2,2,2,2,4,4,0.999933893038648,Inf,"Ecoli-454-LGC-2"
2,2,2,2,3,3,3,0.999919789306897,6625.88177235358,"Ecoli-454-LGC-2"
2,2,2,2,3,3,4,0.999926367022792,7519.12288402658,"Ecoli-454-LGC-2"
2,2,2,2,3,4,4,0.999949844088709,11090.1910601376,"Ecoli-454-LGC-2"
2,2,2,2,4,4,4,0.999933893038648,Inf,"Ecoli-454-LGC-2"
2,2,2,3,3,3,3,0.999919789306897,7320.05861317972,"Ecoli-454-LGC-2"
2,2,2,3,3,3,4,0.999945613239059,6625.9667475856,"Ecoli-454-LGC-2"
2,2,2,3,3,4,4,0.999933893038648,7519.1999638901,"Ecoli-454-LGC-2"
2,2,2,3,4,4,4,0.999933893038648,11090.3054487737,"Ecoli-454-LGC-2"
2,2,2,4,4,4,4,0.999933893038648,Inf,"Ecoli-454-LGC-2"
2,2,3,3,3,3,3,0.999919789306897,9730.03478299084,"Ecoli-454-LGC-2"
2,2,3,3,3,3,4,0.999949844088709,7320.16354507199,"Ecoli-454-LGC-2"
2,2,3,3,3,4,4,0.999933893038648,6626.10109288199,"Ecoli-454-LGC-2"
2,2,3,3,4,4,4,0.999933893038648,7519.28917157237,"Ecoli-454-LGC-2"
2,2,3,4,4,4,4,0.999933893038648,11090.379789132,"Ecoli-454-LGC-2"
2,2,4,4,4,4,4,0.999933893038648,Inf,"Ecoli-454-LGC-2"
2,3,3,3,3,3,3,0.999919789306897,15413.6017274926,"Ecoli-454-LGC-2"
2,3,3,3,3,3,4,0.999933893038648,9730.25410351928,"Ecoli-454-LGC-2"
2,3,3,3,3,4,4,0.999933893038648,7320.35227406648,"Ecoli-454-LGC-2"
2,3,3,3,4,4,4,0.999933893038648,6626.21260388679,"Ecoli-454-LGC-2"
2,3,3,4,4,4,4,0.999933893038648,7519.37838104917,"Ecoli-454-LGC-2"
2,3,4,4,4,4,4,0.999933893038648,11090.4541307365,"Ecoli-454-LGC-2"
2,4,4,4,4,4,4,0.999933893038648,Inf,"Ecoli-454-LGC-2"
3,3,3,3,3,3,3,0.999933893038648,Inf,"Ecoli-454-LGC-2"
3,3,3,3,3,3,4,0.999933893038648,15414.0440728345,"Ecoli-454-LGC-2"
3,3,3,3,3,4,4,0.999933893038648,9730.47712833283,"Ecoli-454-LGC-2"
3,3,3,3,4,4,4,0.999933893038648,7320.5009585217,"Ecoli-454-LGC-2"
3,3,3,4,4,4,4,0.999933893038648,6626.32411769553,"Ecoli-454-LGC-2"
3,3,4,4,4,4,4,0.999933893038648,7519.46759232049,"Ecoli-454-LGC-2"
3,4,4,4,4,4,4,0.999933893038648,11090.5284735872,"Ecoli-454-LGC-2"
4,4,4,4,4,4,4,0.999933893038648,Inf,"Ecoli-454-LGC-2"
1,1,1,1,1,1,1,0.999933893038648,Inf,"Ecoli-454-LGC-3"
1,1,1,1,1,1,2,0.204873144484698,13071.7162226192,"Ecoli-454-LGC-3"
1,1,1,1,1,1,3,0.999933893038648,Inf,"Ecoli-454-LGC-3"
1,1,1,1,1,1,4,0.87100534008645,18205.4951954148,"Ecoli-454-LGC-3"
1,1,1,1,1,2,2,0.20487314448481,5588.80731635573,"Ecoli-454-LGC-3"
1,1,1,1,1,2,3,0.215173054673499,14059.4547736875,"Ecoli-454-LGC-3"
1,1,1,1,1,2,4,0.0474532244156304,6318.14328648819,"Ecoli-454-LGC-3"
1,1,1,1,1,3,3,0.999933893038648,Inf,"Ecoli-454-LGC-3"
1,1,1,1,1,3,4,0.999925053132641,18257.5224057142,"Ecoli-454-LGC-3"
1,1,1,1,1,4,4,0.871005340086393,10722.5862891513,"Ecoli-454-LGC-3"
1,1,1,1,2,2,2,0.204873144484654,2232.17505320258,"Ecoli-454-LGC-3"
1,1,1,1,2,2,3,0.219979956409478,6802.55225278414,"Ecoli-454-LGC-3"
1,1,1,1,2,2,4,0.0393649632327671,1563.95872816234,"Ecoli-454-LGC-3"
1,1,1,1,2,3,3,0.250936349944853,15266.5622473389,"Ecoli-454-LGC-3"
1,1,1,1,2,3,4,6.61069613518961e-05,7207.56345841783,"Ecoli-454-LGC-3"
1,1,1,1,2,4,4,0.159590874076074,5357.01364563423,"Ecoli-454-LGC-3"
1,1,1,1,3,3,3,0.999933893038648,Inf,"Ecoli-454-LGC-3"
1,1,1,1,3,3,4,0.999924624890282,18257.6227391046,"Ecoli-454-LGC-3"
1,1,1,1,3,4,4,0.999930801704462,10774.6285728097,"Ecoli-454-LGC-3"
1,1,1,1,4,4,4,0.871005340086466,7365.95402599816,"Ecoli-454-LGC-3"
1,1,1,2,2,2,2,0.204873144484667,983.92254083429,"Ecoli-454-LGC-3"
1,1,1,2,2,2,3,0.229118011344978,3800.25639983176,"Ecoli-454-LGC-3"
1,1,1,2,2,2,4,0.0444521716018923,60.1489405542961,"Ecoli-454-LGC-3"
1,1,1,2,2,3,3,0.276823840747385,8309.98686529818,"Ecoli-454-LGC-3"
1,1,1,2,2,3,4,6.61069613518961e-05,2834.84084292108,"Ecoli-454-LGC-3"
1,1,1,2,2,4,4,0.0474532244156304,1713.25851096676,"Ecoli-454-LGC-3"
1,1,1,2,3,3,3,0.3394590889475,16592.8682656757,"Ecoli-454-LGC-3"
1,1,1,2,3,3,4,6.61069613518961e-05,9338.39210517579,"Ecoli-454-LGC-3"
1,1,1,2,3,4,4,0.302905890620811,6935.04146603274,"Ecoli-454-LGC-3"
1,1,1,2,4,4,4,0.370576733369301,5117.92676105927,"Ecoli-454-LGC-3"
1,1,1,3,3,3,3,0.999933893038648,Inf,"Ecoli-454-LGC-3"
1,1,1,3,3,3,4,0.999947865409401,18257.6477512525,"Ecoli-454-LGC-3"
1,1,1,3,3,4,4,0.999946443683255,10774.7007683188,"Ecoli-454-LGC-3"
1,1,1,3,4,4,4,0.999942661475043,7418.00918601578,"Ecoli-454-LGC-3"
1,1,1,4,4,4,4,0.871005340086277,6117.70151362987,"Ecoli-454-LGC-3"
1,1,2,2,2,2,2,0.204873144484667,1613.02183075377,"Ecoli-454-LGC-3"
1,1,2,2,2,2,3,0.250936349944853,3178.76856555397,"Ecoli-454-LGC-3"
1,1,2,2,2,2,4,0.0536324820898111,699.609437805892,"Ecoli-454-LGC-3"
1,1,2,2,2,3,3,0.339459088947513,5753.32709625908,"Ecoli-454-LGC-3"
1,1,2,2,2,3,4,6.61069613518961e-05,2260.52465193442,"Ecoli-454-LGC-3"
1,1,2,2,2,4,4,0.0397903608037872,1368.31146480277,"Ecoli-454-LGC-3"
1,1,2,2,3,3,3,0.449594343075268,9843.70892474279,"Ecoli-454-LGC-3"
1,1,2,2,3,3,4,6.61069613518961e-05,5950.65546227197,"Ecoli-454-LGC-3"
1,1,2,2,3,4,4,6.61069613518961e-05,3924.7326635762,"Ecoli-454-LGC-3"
1,1,2,2,4,4,4,0.0787257840756224,3707.40705810374,"Ecoli-454-LGC-3"
1,1,2,3,3,3,3,0.555733853437442,17717.6941718004,"Ecoli-454-LGC-3"
1,1,2,3,3,3,4,0.999933893038648,10774.6231107692,"Ecoli-454-LGC-3"
1,1,2,3,3,4,4,0.999933893038648,7418.00935657712,"Ecoli-454-LGC-3"
1,1,2,3,4,4,4,0.999959170293292,6169.69739195477,"Ecoli-454-LGC-3"
1,1,2,4,4,4,4,0.499779499127731,6130.61785218414,"Ecoli-454-LGC-3"
1,1,3,3,3,3,3,0.999933893038648,Inf,"Ecoli-454-LGC-3"
1,1,3,3,3,3,4,0.999933893038648,18257.7806698441,"Ecoli-454-LGC-3"
1,1,3,3,3,4,4,0.999933893038648,10774.836650469,"Ecoli-454-LGC-3"
1,1,3,3,4,4,4,0.999947865409401,7418.10658183592,"Ecoli-454-LGC-3"
1,1,3,4,4,4,4,0.999924624890282,6169.82905731967,"Ecoli-454-LGC-3"
1,1,4,4,4,4,4,0.871005340086277,6746.80080354935,"Ecoli-454-LGC-3"
1,2,2,2,2,2,2,0.204873144484888,5297.27188563865,"Ecoli-454-LGC-3"
1,2,2,2,2,2,3,0.339459088947499,5134.1738738103,"Ecoli-454-LGC-3"
1,2,2,2,2,2,4,0.0653451799409378,4463.11330957155,"Ecoli-454-LGC-3"
1,2,2,2,2,3,3,0.555733853437494,5629.90049001548,"Ecoli-454-LGC-3"
1,2,2,2,2,3,4,0.0977736225020102,5134.17387348274,"Ecoli-454-LGC-3"
1,2,2,2,2,4,4,0.0393649632327575,4629.05556059844,"Ecoli-454-LGC-3"
1,2,2,2,3,3,3,0.712286926023903,7211.62467435634,"Ecoli-454-LGC-3"
1,2,2,2,3,3,4,0.759175113366215,6130.51252899188,"Ecoli-454-LGC-3"
1,2,2,2,3,4,4,6.61069613518961e-05,5756.62248907099,"Ecoli-454-LGC-3"
1,2,2,2,4,4,4,0.0474532244156304,6026.60785577109,"Ecoli-454-LGC-3"
1,2,2,3,3,3,3,0.808956577673732,10686.3804329248,"Ecoli-454-LGC-3"
1,2,2,3,3,3,4,0.999933893038648,7417.99867563741,"Ecoli-454-LGC-3"
1,2,2,3,3,4,4,0.999933893038648,6169.77344835945,"Ecoli-454-LGC-3"
1,2,2,3,4,4,4,0.999933893038648,6798.82766261368,"Ecoli-454-LGC-3"
1,2,2,4,4,4,4,0.15959087407593,8422.11047807033,"Ecoli-454-LGC-3"
1,2,3,3,3,3,3,0.871886104626427,18218.3062113566,"Ecoli-454-LGC-3"
1,2,3,3,3,3,4,0.999933893038648,10774.7284506148,"Ecoli-454-LGC-3"
1,2,3,3,3,4,4,0.999933893038648,7418.14103066621,"Ecoli-454-LGC-3"
1,2,3,3,4,4,4,0.999933893038648,6169.88021642016,"Ecoli-454-LGC-3"
1,2,3,4,4,4,4,0.999933893038648,6798.91307792105,"Ecoli-454-LGC-3"
1,2,4,4,4,4,4,0.577898917421499,10000.1382981091,"Ecoli-454-LGC-3"
1,3,3,3,3,3,3,0.999933893038648,Inf,"Ecoli-454-LGC-3"
1,3,3,3,3,3,4,0.999933893038648,18257.8684533679,"Ecoli-454-LGC-3"
1,3,3,3,3,4,4,0.999933893038648,10774.9419903146,"Ecoli-454-LGC-3"
1,3,3,3,4,4,4,0.999933893038648,7418.28339205644,"Ecoli-454-LGC-3"
1,3,3,4,4,4,4,0.999933893038648,6169.98698805925,"Ecoli-454-LGC-3"
1,3,4,4,4,4,4,0.999947865409401,6798.95335938715,"Ecoli-454-LGC-3"
1,4,4,4,4,4,4,0.871005340086493,10431.0508584342,"Ecoli-454-LGC-3"
2,2,2,2,2,2,2,0.999933893038648,Inf,"Ecoli-454-LGC-3"
2,2,2,2,2,2,3,0.999927460220082,10483.0896857906,"Ecoli-454-LGC-3"
2,2,2,2,2,2,4,0.999933893038648,Inf,"Ecoli-454-LGC-3"
2,2,2,2,2,3,3,0.999927460220082,6798.83963090568,"Ecoli-454-LGC-3"
2,2,2,2,2,3,4,0.999923822863841,10483.1744434485,"Ecoli-454-LGC-3"
2,2,2,2,2,4,4,0.999933893038648,Inf,"Ecoli-454-LGC-3"
2,2,2,2,3,3,3,0.999927460220082,6169.74034098617,"Ecoli-454-LGC-3"
2,2,2,2,3,3,4,0.999932750156672,6798.92252761827,"Ecoli-454-LGC-3"
2,2,2,2,3,4,4,0.999933893038648,10483.2271845557,"Ecoli-454-LGC-3"
2,2,2,2,4,4,4,0.999933893038648,Inf,"Ecoli-454-LGC-3"
2,2,2,3,3,3,3,0.999927460220082,7417.99285335446,"Ecoli-454-LGC-3"
2,2,2,3,3,3,4,0.99995371480531,6169.79529814332,"Ecoli-454-LGC-3"
2,2,2,3,3,4,4,0.999933893038648,6799.0056001677,"Ecoli-454-LGC-3"
2,2,2,3,4,4,4,0.999933893038648,10483.2983612749,"Ecoli-454-LGC-3"
2,2,2,4,4,4,4,0.999933893038648,Inf,"Ecoli-454-LGC-3"
2,2,3,3,3,3,3,0.999927460220082,10774.6251165076,"Ecoli-454-LGC-3"
2,2,3,3,3,3,4,0.999933893038648,7418.13035211965,"Ecoli-454-LGC-3"
2,2,3,3,3,4,4,0.999933893038648,6169.94901647058,"Ecoli-454-LGC-3"
2,2,3,3,4,4,4,0.999933893038648,6799.09101318495,"Ecoli-454-LGC-3"
2,2,3,4,4,4,4,0.999933893038648,10483.3695395845,"Ecoli-454-LGC-3"
2,2,4,4,4,4,4,0.999933893038648,Inf,"Ecoli-454-LGC-3"
2,3,3,3,3,3,3,0.999927460220082,18257.5340227711,"Ecoli-454-LGC-3"
2,3,3,3,3,3,4,0.999933893038648,10774.833791992,"Ecoli-454-LGC-3"
2,3,3,3,3,4,4,0.999933893038648,7418.27270714843,"Ecoli-454-LGC-3"
2,3,3,3,4,4,4,0.999933893038648,6170.05578453132,"Ecoli-454-LGC-3"
2,3,3,4,4,4,4,0.999933893038648,6799.17642849236,"Ecoli-454-LGC-3"
2,3,4,4,4,4,4,0.999933893038648,10483.4407194844,"Ecoli-454-LGC-3"
2,4,4,4,4,4,4,0.999933893038648,Inf,"Ecoli-454-LGC-3"
3,3,3,3,3,3,3,0.999933893038648,Inf,"Ecoli-454-LGC-3"
3,3,3,3,3,3,4,0.999933893038648,18257.9562379553,"Ecoli-454-LGC-3"
3,3,3,3,3,4,4,0.999933893038648,10775.0473316918,"Ecoli-454-LGC-3"
3,3,3,3,4,4,4,0.999933893038648,7418.41506853866,"Ecoli-454-LGC-3"
3,3,3,4,4,4,4,0.999933893038648,6170.1625561704,"Ecoli-454-LGC-3"
3,3,4,4,4,4,4,0.999933893038648,6799.26184608985,"Ecoli-454-LGC-3"
3,4,4,4,4,4,4,0.999933893038648,10483.5119009747,"Ecoli-454-LGC-3"
4,4,4,4,4,4,4,0.999933893038648,Inf,"Ecoli-454-LGC-3"
1,1,1,1,1,1,1,0.999933893038648,Inf,"Ecoli-454-NMIA-1"
1,1,1,1,1,1,2,0.169534258500685,1042.15418530218,"Ecoli-454-NMIA-1"
1,1,1,1,1,1,3,0.999933893038648,Inf,"Ecoli-454-NMIA-1"
1,1,1,1,1,1,4,0.96512679700688,1592.87599309163,"Ecoli-454-NMIA-1"
1,1,1,1,1,2,2,0.169534258500662,406.466662485269,"Ecoli-454-NMIA-1"
1,1,1,1,1,2,3,0.164228889296567,1122.59180585276,"Ecoli-454-NMIA-1"
1,1,1,1,1,2,4,0.0759141875196183,591.309545330829,"Ecoli-454-NMIA-1"
1,1,1,1,1,3,3,0.999933893038648,Inf,"Ecoli-454-NMIA-1"
1,1,1,1,1,3,4,0.999937365561202,1593.19285037836,"Ecoli-454-NMIA-1"
1,1,1,1,1,4,4,0.965126797006799,957.188470274723,"Ecoli-454-NMIA-1"
1,1,1,1,2,2,2,0.169534258500676,132.000843464966,"Ecoli-454-NMIA-1"
1,1,1,1,2,2,3,0.166520215729402,507.270126308898,"Ecoli-454-NMIA-1"
1,1,1,1,2,2,4,0.0580816891182229,162.113691232331,"Ecoli-454-NMIA-1"
1,1,1,1,2,3,3,0.185690977131712,1236.09847123052,"Ecoli-454-NMIA-1"
1,1,1,1,2,3,4,6.61069613518961e-05,646.394083967407,"Ecoli-454-NMIA-1"
1,1,1,1,2,4,4,0.230514265640725,533.293997379486,"Ecoli-454-NMIA-1"
1,1,1,1,3,3,3,0.999933893038648,Inf,"Ecoli-454-NMIA-1"
1,1,1,1,3,3,4,0.999943529445436,1593.19897818165,"Ecoli-454-NMIA-1"
1,1,1,1,3,4,4,0.999946160707666,957.505717307966,"Ecoli-454-NMIA-1"
1,1,1,1,4,4,4,0.965126797009189,682.722651254418,"Ecoli-454-NMIA-1"
1,1,1,2,2,2,2,0.169534258500659,45.408539656979,"Ecoli-454-NMIA-1"
1,1,1,2,2,2,3,0.17170172580657,265.624928041963,"Ecoli-454-NMIA-1"
1,1,1,2,2,2,4,0.0597951332807176,30.7041700579193,"Ecoli-454-NMIA-1"
1,1,1,2,2,3,3,0.203516867017371,653.19600324885,"Ecoli-454-NMIA-1"
1,1,1,2,2,3,4,6.61069613518961e-05,239.173811402005,"Ecoli-454-NMIA-1"
1,1,1,2,2,4,4,0.075914187519611,230.251422502541,"Ecoli-454-NMIA-1"
1,1,1,2,3,3,3,0.24946945584059,1373.4807043826,"Ecoli-454-NMIA-1"
1,1,1,2,3,3,4,6.61069613518961e-05,829.015718133618,"Ecoli-454-NMIA-1"
1,1,1,2,3,4,4,0.416774485426037,656.32324841911,"Ecoli-454-NMIA-1"
1,1,1,2,4,4,4,0.447575396306776,526.653538660099,"Ecoli-454-NMIA-1"
1,1,1,3,3,3,3,0.999933893038648,Inf,"Ecoli-454-NMIA-1"
1,1,1,3,3,3,4,0.999933893038648,1593.20902718098,"Ecoli-454-NMIA-1"
1,1,1,3,3,4,4,0.999928746662468,957.518145922038,"Ecoli-454-NMIA-1"
1,1,1,3,4,4,4,0.999918603430199,683.046296344895,"Ecoli-454-NMIA-1"
1,1,1,4,4,4,4,0.965126797006793,596.130347446431,"Ecoli-454-NMIA-1"
1,1,2,2,2,2,2,0.169534258500675,130.663152191148,"Ecoli-454-NMIA-1"
1,1,2,2,2,2,3,0.185690977132009,239.35282558532,"Ecoli-454-NMIA-1"
1,1,2,2,2,2,4,0.0649604848508843,100.906056721742,"Ecoli-454-NMIA-1"
1,1,2,2,2,3,3,0.249469455840585,463.327362545382,"Ecoli-454-NMIA-1"
1,1,2,2,2,3,4,6.61069613518961e-05,185.237313219874,"Ecoli-454-NMIA-1"
1,1,2,2,2,4,4,0.0611732311343369,212.657622507912,"Ecoli-454-NMIA-1"
1,1,2,2,3,3,3,0.339495129158272,822.0799618043,"Ecoli-454-NMIA-1"
1,1,2,2,3,3,4,6.61069613518961e-05,513.298074442346,"Ecoli-454-NMIA-1"
1,1,2,2,3,4,4,6.61069613518961e-05,396.856057081643,"Ecoli-454-NMIA-1"
1,1,2,2,4,4,4,0.126997431987032,444.410217079176,"Ecoli-454-NMIA-1"
1,1,2,3,3,3,3,0.436907757945776,1506.71898761483,"Ecoli-454-NMIA-1"
1,1,2,3,3,3,4,0.999933893038648,957.503674124371,"Ecoli-454-NMIA-1"
1,1,2,3,3,4,4,0.999933893038648,683.040633942604,"Ecoli-454-NMIA-1"
1,1,2,3,4,4,4,0.999927633616445,596.444501737849,"Ecoli-454-NMIA-1"
1,1,2,4,4,4,4,0.578523203947136,641.290653906746,"Ecoli-454-NMIA-1"
1,1,3,3,3,3,3,0.999933893038648,Inf,"Ecoli-454-NMIA-1"
1,1,3,3,3,3,4,0.999933893038648,1593.21693829292,"Ecoli-454-NMIA-1"
1,1,3,3,3,4,4,0.999933893038648,957.526251019051,"Ecoli-454-NMIA-1"
1,1,3,3,4,4,4,0.999933893038648,683.055685343761,"Ecoli-454-NMIA-1"
1,1,3,4,4,4,4,0.999943529445436,596.45333253645,"Ecoli-454-NMIA-1"
1,1,4,4,4,4,4,0.965126797006372,681.3849599806,"Ecoli-454-NMIA-1"
1,2,2,2,2,2,2,0.169534258500676,502.834585064536,"Ecoli-454-NMIA-1"
1,2,2,2,2,2,3,0.249469455840595,461.989671271565,"Ecoli-454-NMIA-1"
1,2,2,2,2,2,4,0.0714420071957106,468.527141932029,"Ecoli-454-NMIA-1"
1,2,2,2,2,3,3,0.436907757945693,509.973341969633,"Ecoli-454-NMIA-1"
1,2,2,2,2,3,4,6.61069613518961e-05,461.990215432243,"Ecoli-454-NMIA-1"
1,2,2,2,2,4,4,0.0580816891182236,532.947432831903,"Ecoli-454-NMIA-1"
1,2,2,2,3,3,3,0.592316127142363,642.058205680247,"Ecoli-454-NMIA-1"
1,2,2,2,3,3,4,0.564280428985511,582.307637621083,"Ecoli-454-NMIA-1"
1,2,2,2,3,4,4,6.61069613518961e-05,566.448935461271,"Ecoli-454-NMIA-1"
1,2,2,2,4,4,4,0.0759141875196185,687.677467910096,"Ecoli-454-NMIA-1"
1,2,2,3,3,3,3,0.691055025651461,934.676052911918,"Ecoli-454-NMIA-1"
1,2,2,3,3,3,4,0.999933893038648,683.037449799562,"Ecoli-454-NMIA-1"
1,2,2,3,3,4,4,0.999933893038648,596.448715753037,"Ecoli-454-NMIA-1"
1,2,2,3,4,4,4,0.999933893038648,681.699932454814,"Ecoli-454-NMIA-1"
1,2,2,4,4,4,4,0.230514265641327,904.127738979056,"Ecoli-454-NMIA-1"
1,2,3,3,3,3,3,0.75551341365303,1579.05328327555,"Ecoli-454-NMIA-1"
1,2,3,3,3,3,4,0.999933893038648,957.513167543955,"Ecoli-454-NMIA-1"
1,2,3,3,3,4,4,0.999933893038648,683.052500648579,"Ecoli-454-NMIA-1"
1,2,3,3,4,4,4,0.999933893038648,596.460004045088,"Ecoli-454-NMIA-1"
1,2,3,4,4,4,4,0.999933893038648,681.708963162993,"Ecoli-454-NMIA-1"
1,2,4,4,4,4,4,0.658591454767665,1027.15699014606,"Ecoli-454-NMIA-1"
1,3,3,3,3,3,3,0.999933893038648,Inf,"Ecoli-454-NMIA-1"
1,3,3,3,3,3,4,0.999933893038648,1593.22484950635,"Ecoli-454-NMIA-1"
1,3,3,3,3,4,4,0.999933893038648,957.535744438635,"Ecoli-454-NMIA-1"
1,3,3,3,4,4,4,0.999933893038648,683.067552049735,"Ecoli-454-NMIA-1"
1,3,3,4,4,4,4,0.999933893038648,596.471292647717,"Ecoli-454-NMIA-1"
1,3,4,4,4,4,4,0.999933893038648,681.717994069944,"Ecoli-454-NMIA-1"
1,4,4,4,4,4,4,0.965126797006883,1053.55639285399,"Ecoli-454-NMIA-1"
2,2,2,2,2,2,2,0.999933893038648,Inf,"Ecoli-454-NMIA-1"
2,2,2,2,2,2,3,0.999958219736535,1053.86758164906,"Ecoli-454-NMIA-1"
2,2,2,2,2,2,4,0.999933893038648,Inf,"Ecoli-454-NMIA-1"
2,2,2,2,2,3,3,0.999958219736535,681.696148775673,"Ecoli-454-NMIA-1"
2,2,2,2,2,3,4,0.99995204029641,1053.87314929311,"Ecoli-454-NMIA-1"
2,2,2,2,2,4,4,0.999933893038648,Inf,"Ecoli-454-NMIA-1"
2,2,2,2,3,3,3,0.999958219736535,596.441536241504,"Ecoli-454-NMIA-1"
2,2,2,2,3,3,4,0.999921108458846,681.707575810251,"Ecoli-454-NMIA-1"
2,2,2,2,3,4,4,0.999936123825389,1053.88251134849,"Ecoli-454-NMIA-1"
2,2,2,2,4,4,4,0.999933893038648,Inf,"Ecoli-454-NMIA-1"
2,2,2,3,3,3,3,0.999958219736535,683.033840049489,"Ecoli-454-NMIA-1"
2,2,2,3,3,3,4,0.999936991167907,596.452666983416,"Ecoli-454-NMIA-1"
2,2,2,3,3,4,4,0.999933893038648,681.714635585711,"Ecoli-454-NMIA-1"
2,2,2,3,4,4,4,0.999933893038648,1053.89058368896,"Ecoli-454-NMIA-1"
2,2,2,4,4,4,4,0.999933893038648,Inf,"Ecoli-454-NMIA-1"
2,2,3,3,3,3,3,0.999958219736535,957.499659069794,"Ecoli-454-NMIA-1"
2,2,3,3,3,3,4,0.999936123825389,683.048769748915,"Ecoli-454-NMIA-1"
2,2,3,3,3,4,4,0.999933893038648,596.464538281401,"Ecoli-454-NMIA-1"
2,2,3,3,4,4,4,0.999933893038648,681.72366609512,"Ecoli-454-NMIA-1"
2,2,3,4,4,4,4,0.999933893038648,1053.89810918248,"Ecoli-454-NMIA-1"
2,2,4,4,4,4,4,0.999933893038648,Inf,"Ecoli-454-NMIA-1"
2,3,3,3,3,3,3,0.999958219736535,1593.18718188671,"Ecoli-454-NMIA-1"
2,3,3,3,3,3,4,0.999933893038648,957.522661109691,"Ecoli-454-NMIA-1"
2,3,3,3,3,4,4,0.999933893038648,683.064367582912,"Ecoli-454-NMIA-1"
2,3,3,3,4,4,4,0.999933893038648,596.475826573453,"Ecoli-454-NMIA-1"
2,3,3,4,4,4,4,0.999933893038648,681.732696803301,"Ecoli-454-NMIA-1"
2,3,4,4,4,4,4,0.999933893038648,1053.90563481404,"Ecoli-454-NMIA-1"
2,4,4,4,4,4,4,0.999933893038648,Inf,"Ecoli-454-NMIA-1"
3,3,3,3,3,3,3,0.999933893038648,Inf,"Ecoli-454-NMIA-1"
3,3,3,3,3,3,4,0.999933893038648,1593.23276082128,"Ecoli-454-NMIA-1"
3,3,3,3,3,4,4,0.999933893038648,957.545238004372,"Ecoli-454-NMIA-1"
3,3,3,3,4,4,4,0.999933893038648,683.079418984069,"Ecoli-454-NMIA-1"
3,3,3,4,4,4,4,0.999933893038648,596.487115176082,"Ecoli-454-NMIA-1"
3,3,4,4,4,4,4,0.999933893038648,681.74172771025,"Ecoli-454-NMIA-1"
3,4,4,4,4,4,4,0.999933893038648,1053.91316058364,"Ecoli-454-NMIA-1"
4,4,4,4,4,4,4,0.999933893038648,Inf,"Ecoli-454-NMIA-1"
1,1,1,1,1,1,1,0.999933893038648,Inf,"Ecoli-Sanger-LGC-1"
1,1,1,1,1,1,2,0.0625008916349723,22.3817131142518,"Ecoli-Sanger-LGC-1"
1,1,1,1,1,1,3,0.999933893038648,Inf,"Ecoli-Sanger-LGC-1"
1,1,1,1,1,1,4,0.999925596927316,38.3423770962298,"Ecoli-Sanger-LGC-1"
1,1,1,1,1,2,2,0.0625008916351334,11.0712712981683,"Ecoli-Sanger-LGC-1"
1,1,1,1,1,2,3,0.0688563804096912,24.7518180049623,"Ecoli-Sanger-LGC-1"
1,1,1,1,1,2,4,6.61069613518961e-05,17.3287257898066,"Ecoli-Sanger-LGC-1"
1,1,1,1,1,3,3,0.999933893038648,Inf,"Ecoli-Sanger-LGC-1"
1,1,1,1,1,3,4,0.999921346884934,38.3425648745004,"Ecoli-Sanger-LGC-1"
1,1,1,1,1,4,4,0.999925596927316,27.0319352801462,"Ecoli-Sanger-LGC-1"
1,1,1,1,2,2,2,0.0625008916351147,6.0859788544039,"Ecoli-Sanger-LGC-1"
1,1,1,1,2,2,3,0.0706186779498567,13.9648260355746,"Ecoli-Sanger-LGC-1"
1,1,1,1,2,2,4,6.61069613518961e-05,7.97654899046819,"Ecoli-Sanger-LGC-1"
1,1,1,1,2,3,3,0.080877642204586,27.5707434641067,"Ecoli-Sanger-LGC-1"
1,1,1,1,2,3,4,6.61069613518961e-05,20.4525041357527,"Ecoli-Sanger-LGC-1"
1,1,1,1,2,4,4,0.101939691621966,18.9266513859304,"Ecoli-Sanger-LGC-1"
1,1,1,1,3,3,3,0.999933893038648,Inf,"Ecoli-Sanger-LGC-1"
1,1,1,1,3,3,4,0.9999406382067,38.3426390698353,"Ecoli-Sanger-LGC-1"
1,1,1,1,3,4,4,0.999929680099785,27.0321280912717,"Ecoli-Sanger-LGC-1"
1,1,1,1,4,4,4,0.999925596927316,22.0466428363818,"Ecoli-Sanger-LGC-1"
1,1,1,2,2,2,2,0.0625008916351219,4.35988641969323,"Ecoli-Sanger-LGC-1"
1,1,1,2,2,2,3,0.0737617163688792,9.80060201663701,"Ecoli-Sanger-LGC-1"
1,1,1,2,2,2,4,6.61069613518961e-05,4.70579218219198,"Ecoli-Sanger-LGC-1"
1,1,1,2,2,3,3,0.0892634954256352,17.5465228700757,"Ecoli-Sanger-LGC-1"
1,1,1,2,2,3,4,6.61069613518961e-05,12.0037895090391,"Ecoli-Sanger-LGC-1"
1,1,1,2,2,4,4,6.61069613518961e-05,10.6173409113316,"Ecoli-Sanger-LGC-1"
1,1,1,2,3,3,3,0.11112145967365,30.9810185312966,"Ecoli-Sanger-LGC-1"
1,1,1,2,3,3,4,6.61069613518961e-05,24.4796675378201,"Ecoli-Sanger-LGC-1"
1,1,1,2,3,4,4,0.532608582576421,21.7957046112312,"Ecoli-Sanger-LGC-1"
1,1,1,2,4,4,4,0.458395778863508,19.2558354556598,"Ecoli-Sanger-LGC-1"
1,1,1,3,3,3,3,0.999933893038648,Inf,"Ecoli-Sanger-LGC-1"
1,1,1,3,3,3,4,0.999933893038648,38.3428315509582,"Ecoli-Sanger-LGC-1"
1,1,1,3,3,4,4,0.999933893038648,27.0322971823755,"Ecoli-Sanger-LGC-1"
1,1,1,3,4,4,4,0.999946880468796,22.0468074595407,"Ecoli-Sanger-LGC-1"
1,1,1,4,4,4,4,0.999925596927316,20.3205504016712,"Ecoli-Sanger-LGC-1"
1,1,2,2,2,2,2,0.0625008916349918,5.57352690692332,"Ecoli-Sanger-LGC-1"
1,1,2,2,2,2,3,0.0808776422046952,9.54891676954807,"Ecoli-Sanger-LGC-1"
1,1,2,2,2,2,4,6.61069613518961e-05,5.20399336676546,"Ecoli-Sanger-LGC-1"
1,1,2,2,2,3,3,0.111121459673667,14.6852842714487,"Ecoli-Sanger-LGC-1"
1,1,2,2,2,3,4,6.61069613518961e-05,10.3818409546244,"Ecoli-Sanger-LGC-1"
1,1,2,2,2,4,4,6.61069613518961e-05,8.99581099731847,"Ecoli-Sanger-LGC-1"
1,1,2,2,3,3,3,0.161728440025138,21.9927031683706,"Ecoli-Sanger-LGC-1"
1,1,2,2,3,3,4,6.61069613518961e-05,17.6796840514381,"Ecoli-Sanger-LGC-1"
1,1,2,2,3,4,4,6.61069613518961e-05,16.293389683764,"Ecoli-Sanger-LGC-1"
1,1,2,2,4,4,4,6.61069613518961e-05,15.4823713640171,"Ecoli-Sanger-LGC-1"
1,1,2,3,3,3,3,0.235701379412583,34.8349396862976,"Ecoli-Sanger-LGC-1"
1,1,2,3,3,3,4,0.999933893038648,27.0319534038875,"Ecoli-Sanger-LGC-1"
1,1,2,3,3,4,4,0.999933893038648,22.0467446992835,"Ecoli-Sanger-LGC-1"
1,1,2,3,4,4,4,0.999933893038648,20.3205861577936,"Ecoli-Sanger-LGC-1"
1,1,2,4,4,4,4,0.63263295945793,21.0501432363363,"Ecoli-Sanger-LGC-1"
1,1,3,3,3,3,3,0.999933893038648,Inf,"Ecoli-Sanger-LGC-1"
1,1,3,3,3,3,4,0.999933893038648,38.3429858064832,"Ecoli-Sanger-LGC-1"
1,1,3,3,3,4,4,0.999933893038648,27.0324822879857,"Ecoli-Sanger-LGC-1"
1,1,3,3,4,4,4,0.999933893038648,22.0470972911103,"Ecoli-Sanger-LGC-1"
1,1,3,4,4,4,4,0.9999406382067,20.3208123752767,"Ecoli-Sanger-LGC-1"
1,1,4,4,4,4,4,0.999925596927316,21.5341908889013,"Ecoli-Sanger-LGC-1"
1,2,2,2,2,2,2,0.0625008916351149,11.6311562988835,"Ecoli-Sanger-LGC-1"
1,2,2,2,2,2,3,0.111121459673678,14.1728323239682,"Ecoli-Sanger-LGC-1"
1,2,2,2,2,2,4,6.61069613518961e-05,10.8913972917259,"Ecoli-Sanger-LGC-1"
1,2,2,2,2,3,3,0.235701379412595,16.813112991739,"Ecoli-Sanger-LGC-1"
1,2,2,2,2,3,4,6.61069613518961e-05,14.9071284277353,"Ecoli-Sanger-LGC-1"
1,2,2,2,2,4,4,6.61069613518961e-05,13.5217264349478,"Ecoli-Sanger-LGC-1"
1,2,2,2,3,3,3,0.39100066158146,20.1210379835767,"Ecoli-Sanger-LGC-1"
1,2,2,2,3,3,4,0.295130620654511,19.4258517718338,"Ecoli-Sanger-LGC-1"
1,2,2,2,3,4,4,6.61069613518961e-05,18.6989460582883,"Ecoli-Sanger-LGC-1"
1,2,2,2,4,4,4,6.61069613518961e-05,17.8886107905218,"Ecoli-Sanger-LGC-1"
1,2,2,3,3,3,3,0.50001805350356,25.7885234841568,"Ecoli-Sanger-LGC-1"
1,2,2,3,3,3,4,0.999932771384373,22.0466244359748,"Ecoli-Sanger-LGC-1"
1,2,2,3,3,4,4,0.999933893038648,20.3206302278264,"Ecoli-Sanger-LGC-1"
1,2,2,3,4,4,4,0.999933893038648,21.534222234603,"Ecoli-Sanger-LGC-1"
1,2,2,4,4,4,4,0.101939691621965,24.4718288304099,"Ecoli-Sanger-LGC-1"
1,2,3,3,3,3,3,0.572171158528908,37.4476784663012,"Ecoli-Sanger-LGC-1"
1,2,3,3,3,3,4,0.999933893038648,27.0321385119452,"Ecoli-Sanger-LGC-1"
1,2,3,3,3,4,4,0.999933893038648,22.0469760832082,"Ecoli-Sanger-LGC-1"
1,2,3,3,4,4,4,0.999933893038648,20.3208946671439,"Ecoli-Sanger-LGC-1"
1,2,3,4,4,4,4,0.999933893038648,21.5344337873681,"Ecoli-Sanger-LGC-1"
1,2,4,4,4,4,4,0.735388346549308,27.3408820560233,"Ecoli-Sanger-LGC-1"
1,3,3,3,3,3,3,0.999933893038648,Inf,"Ecoli-Sanger-LGC-1"
1,3,3,3,3,3,4,0.999933893038648,38.3431400637078,"Ecoli-Sanger-LGC-1"
1,3,3,3,3,4,4,0.999933893038648,27.0326673960433,"Ecoli-Sanger-LGC-1"
1,3,3,3,4,4,4,0.999933893038648,22.0473286750351,"Ecoli-Sanger-LGC-1"
1,3,3,4,4,4,4,0.999933893038648,20.3211591119246,"Ecoli-Sanger-LGC-1"
1,3,4,4,4,4,4,0.999933893038648,21.5346453436297,"Ecoli-Sanger-LGC-1"
1,4,4,4,4,4,4,0.999925596927316,27.5918202808614,"Ecoli-Sanger-LGC-1"
2,2,2,2,2,2,2,0.999933893038648,Inf,"Ecoli-Sanger-LGC-1"
2,2,2,2,2,2,3,0.888893623070373,27.5328883515557,"Ecoli-Sanger-LGC-1"
2,2,2,2,2,2,4,0.999933893038648,Inf,"Ecoli-Sanger-LGC-1"
2,2,2,2,2,3,3,0.888893623069278,21.4752589595956,"Ecoli-Sanger-LGC-1"
2,2,2,2,2,3,4,0.999938263222767,27.5918487602024,"Ecoli-Sanger-LGC-1"
2,2,2,2,2,4,4,0.999933893038648,Inf,"Ecoli-Sanger-LGC-1"
2,2,2,2,3,3,3,0.888893623068217,20.2616184723655,"Ecoli-Sanger-LGC-1"
2,2,2,2,3,3,4,0.999950963677033,21.5342243484596,"Ecoli-Sanger-LGC-1"
2,2,2,2,3,4,4,0.99993578051186,27.5920241532398,"Ecoli-Sanger-LGC-1"
2,2,2,2,4,4,4,0.999933893038648,Inf,"Ecoli-Sanger-LGC-1"
2,2,2,3,3,3,3,0.888893623070394,21.9877109070762,"Ecoli-Sanger-LGC-1"
2,2,2,3,3,3,4,0.999929291205194,20.3206881180611,"Ecoli-Sanger-LGC-1"
2,2,2,3,3,4,4,0.999933893038648,21.534473457008,"Ecoli-Sanger-LGC-1"
2,2,2,3,4,4,4,0.999933893038648,27.5922086231655,"Ecoli-Sanger-LGC-1"
2,2,2,4,4,4,4,0.999933893038648,Inf,"Ecoli-Sanger-LGC-1"
2,2,3,3,3,3,3,0.888893623069306,26.9730033508405,"Ecoli-Sanger-LGC-1"
2,2,3,3,3,3,4,0.99993578051186,22.0468467087602,"Ecoli-Sanger-LGC-1"
2,2,3,3,3,4,4,0.999933893038648,20.3209387439753,"Ecoli-Sanger-LGC-1"
2,2,3,3,4,4,4,0.999933893038648,21.5346850062768,"Ecoli-Sanger-LGC-1"
2,2,3,4,4,4,4,0.999933893038648,27.5923849154369,"Ecoli-Sanger-LGC-1"
2,2,4,4,4,4,4,0.999933893038648,Inf,"Ecoli-Sanger-LGC-1"
2,3,3,3,3,3,3,0.888893623069344,38.283445166924,"Ecoli-Sanger-LGC-1"
2,3,3,3,3,3,4,0.999933893038648,27.0323236224503,"Ecoli-Sanger-LGC-1"
2,3,3,3,3,4,4,0.999933893038648,22.0472074709573,"Ecoli-Sanger-LGC-1"
2,3,3,3,4,4,4,0.999933893038648,20.3212031832928,"Ecoli-Sanger-LGC-1"
2,3,3,4,4,4,4,0.999933893038648,21.534896559042,"Ecoli-Sanger-LGC-1"
2,3,4,4,4,4,4,0.999933893038648,27.5925612101362,"Ecoli-Sanger-LGC-1"
2,4,4,4,4,4,4,0.999933893038648,Inf,"Ecoli-Sanger-LGC-1"
3,3,3,3,3,3,3,0.999933893038648,Inf,"Ecoli-Sanger-LGC-1"
3,3,3,3,3,3,4,0.999933893038648,38.343294322632,"Ecoli-Sanger-LGC-1"
3,3,3,3,3,4,4,0.999933893038648,27.0328525065485,"Ecoli-Sanger-LGC-1"
3,3,3,3,4,4,4,0.999933893038648,22.0475600627841,"Ecoli-Sanger-LGC-1"
3,3,3,4,4,4,4,0.999933893038648,20.3214676280734,"Ecoli-Sanger-LGC-1"
3,3,4,4,4,4,4,0.999933893038648,21.5351081153035,"Ecoli-Sanger-LGC-1"
3,4,4,4,4,4,4,0.999933893038648,27.5927375072637,"Ecoli-Sanger-LGC-1"
4,4,4,4,4,4,4,0.999933893038648,Inf,"Ecoli-Sanger-LGC-1"
1,1,1,1,1,1,1,0.999933893038648,Inf,"Ecoli-Sanger-NIST-1"
1,1,1,1,1,1,2,6.61069613518961e-05,2.94755700359892,"Ecoli-Sanger-NIST-1"
1,1,1,1,1,1,3,0.999933893038648,Inf,"Ecoli-Sanger-NIST-1"
1,1,1,1,1,1,4,0.999945705235233,5.02682738017453,"Ecoli-Sanger-NIST-1"
1,1,1,1,1,2,2,6.61069613518961e-05,1.74358419927299,"Ecoli-Sanger-NIST-1"
1,1,1,1,1,2,3,6.61069613518961e-05,3.12986533908801,"Ecoli-Sanger-NIST-1"
1,1,1,1,1,2,4,6.61069613518961e-05,3.12974635084011,"Ecoli-Sanger-NIST-1"
1,1,1,1,1,3,3,0.999933893038648,Inf,"Ecoli-Sanger-NIST-1"
1,1,1,1,1,3,4,0.999952047405332,5.02683220081521,"Ecoli-Sanger-NIST-1"
1,1,1,1,1,4,4,0.999945705235233,3.8228545758486,"Ecoli-Sanger-NIST-1"
1,1,1,1,2,2,2,6.61069613518961e-05,1.15579753437087,"Ecoli-Sanger-NIST-1"
1,1,1,1,2,2,3,6.61069613518961e-05,1.96671122398343,"Ecoli-Sanger-NIST-1"
1,1,1,1,2,2,4,6.61069613518961e-05,1.96666164471835,"Ecoli-Sanger-NIST-1"
1,1,1,1,2,3,3,6.61069613518961e-05,3.35298905877267,"Ecoli-Sanger-NIST-1"
1,1,1,1,2,3,4,6.61069613518961e-05,3.35287337555055,"Ecoli-Sanger-NIST-1"
1,1,1,1,2,4,4,0.500009385597294,3.18292476061191,"Ecoli-Sanger-NIST-1"
1,1,1,1,3,3,3,0.999933893038648,Inf,"Ecoli-Sanger-NIST-1"
1,1,1,1,3,3,4,0.999933893038648,5.02685532305835,"Ecoli-Sanger-NIST-1"
1,1,1,1,3,4,4,0.999933893038648,3.82287370431551,"Ecoli-Sanger-NIST-1"
1,1,1,1,4,4,4,0.999945705235233,3.23506791094648,"Ecoli-Sanger-NIST-1"
1,1,1,2,2,2,2,6.61069613518961e-05,0.868115461919089,"Ecoli-Sanger-NIST-1"
1,1,1,2,2,2,3,6.61069613518961e-05,1.44345757141165,"Ecoli-Sanger-NIST-1"
1,1,1,2,2,2,4,6.61069613518961e-05,1.44343553600065,"Ecoli-Sanger-NIST-1"
1,1,1,2,2,3,3,6.61069613518961e-05,2.25436575270252,"Ecoli-Sanger-NIST-1"
1,1,1,2,2,3,4,6.61069613518961e-05,2.25432168175913,"Ecoli-Sanger-NIST-1"
1,1,1,2,2,4,4,6.61069613518961e-05,2.25427761348621,"Ecoli-Sanger-NIST-1"
1,1,1,2,3,3,3,6.61069613518961e-05,3.64063807938249,"Ecoli-Sanger-NIST-1"
1,1,1,2,3,3,4,6.61069613518961e-05,3.64052790426965,"Ecoli-Sanger-NIST-1"
1,1,1,2,3,4,4,0.999933893038648,3.23504627107507,"Ecoli-Sanger-NIST-1"
1,1,1,2,4,4,4,0.999941799908713,2.94735868990492,"Ecoli-Sanger-NIST-1"
1,1,1,3,3,3,3,0.999933893038648,Inf,"Ecoli-Sanger-NIST-1"
1,1,1,3,3,3,4,0.999933893038648,5.02686634118873,"Ecoli-Sanger-NIST-1"
1,1,1,3,3,4,4,0.999933893038648,3.82288692597,"Ecoli-Sanger-NIST-1"
1,1,1,3,4,4,4,0.999933893038648,3.23509034481063,"Ecoli-Sanger-NIST-1"
1,1,1,4,4,4,4,0.999945705235233,2.9473858384947,"Ecoli-Sanger-NIST-1"
1,1,2,2,2,2,2,6.61069613518961e-05,0.827293467398833,"Ecoli-Sanger-NIST-1"
1,1,2,2,2,2,3,6.61069613518961e-05,1.27354751709283,"Ecoli-Sanger-NIST-1"
1,1,2,2,2,2,4,6.61069613518961e-05,1.27354751681971,"Ecoli-Sanger-NIST-1"
1,1,2,2,2,3,3,6.61069613518961e-05,1.84887861015443,"Ecoli-Sanger-NIST-1"
1,1,2,2,2,3,4,6.61069613518961e-05,1.84886759117439,"Ecoli-Sanger-NIST-1"
1,1,2,2,2,4,4,6.61069613518961e-05,1.8488565742579,"Ecoli-Sanger-NIST-1"
1,1,2,2,3,3,3,6.61069613518961e-05,2.65977577562119,"Ecoli-Sanger-NIST-1"
1,1,2,2,3,3,4,6.61069613518961e-05,2.65974272050192,"Ecoli-Sanger-NIST-1"
1,1,2,2,3,4,4,6.61069613518961e-05,2.65970966865996,"Ecoli-Sanger-NIST-1"
1,1,2,2,4,4,4,6.61069613518961e-05,2.65967662009523,"Ecoli-Sanger-NIST-1"
1,1,2,3,3,3,3,6.61069613518961e-05,4.04603708708382,"Ecoli-Sanger-NIST-1"
1,1,2,3,3,3,4,0.999933893038648,3.82283403756018,"Ecoli-Sanger-NIST-1"
1,1,2,3,3,4,4,0.999933893038648,3.23506279822512,"Ecoli-Sanger-NIST-1"
1,1,2,3,4,4,4,0.999933893038648,2.94738072598579,"Ecoli-Sanger-NIST-1"
1,1,2,4,4,4,4,0.999923683910055,2.90654432790201,"Ecoli-Sanger-NIST-1"
1,1,3,3,3,3,3,0.999933893038648,Inf,"Ecoli-Sanger-NIST-1"
1,1,3,3,3,3,4,0.999933893038648,5.02687735944051,"Ecoli-Sanger-NIST-1"
1,1,3,3,3,4,4,0.999933893038648,3.82290014779929,"Ecoli-Sanger-NIST-1"
1,1,3,3,4,4,4,0.999933893038648,3.23510687196067,"Ecoli-Sanger-NIST-1"
1,1,3,4,4,4,4,0.999933893038648,2.94741378137851,"Ecoli-Sanger-NIST-1"
1,1,4,4,4,4,4,0.999945705235233,2.90656384397444,"Ecoli-Sanger-NIST-1"
1,2,2,2,2,2,2,6.61069613518961e-05,1.15579753437087,"Ecoli-Sanger-NIST-1"
1,2,2,2,2,2,3,6.61069613518961e-05,1.5203745431824,"Ecoli-Sanger-NIST-1"
1,2,2,2,2,2,4,6.61069613518961e-05,1.52041420534904,"Ecoli-Sanger-NIST-1"
1,2,2,2,2,3,3,6.61069613518961e-05,1.96659554540398,"Ecoli-Sanger-NIST-1"
1,2,2,2,2,3,4,6.61069613518961e-05,1.96662859260327,"Ecoli-Sanger-NIST-1"
1,2,2,2,2,4,4,6.61069613518961e-05,1.96666164471835,"Ecoli-Sanger-NIST-1"
1,2,2,2,3,3,3,6.61069613518961e-05,2.54189359426969,"Ecoli-Sanger-NIST-1"
1,2,2,2,3,3,4,6.61069613518961e-05,2.54191561948554,"Ecoli-Sanger-NIST-1"
1,2,2,2,3,4,4,6.61069613518961e-05,2.54193765004146,"Ecoli-Sanger-NIST-1"
1,2,2,2,4,4,4,6.61069613518961e-05,2.54195968593799,"Ecoli-Sanger-NIST-1"
1,2,2,3,3,3,3,0.124992546950658,3.3007077963706,"Ecoli-Sanger-NIST-1"
1,2,2,3,3,3,4,0.499980318218446,3.2066412872825,"Ecoli-Sanger-NIST-1"
1,2,2,3,3,4,4,0.999933893038648,2.94736970752156,"Ecoli-Sanger-NIST-1"
1,2,2,3,4,4,4,0.999933893038648,2.90654991662252,"Ecoli-Sanger-NIST-1"
1,2,2,4,4,4,4,0.500009385595573,3.18292476061191,"Ecoli-Sanger-NIST-1"
1,2,3,3,3,3,3,0.200001681009236,4.59293564832564,"Ecoli-Sanger-NIST-1"
1,2,3,3,3,3,4,0.999933893038648,3.82284725956429,"Ecoli-Sanger-NIST-1"
1,2,3,3,3,4,4,0.999933893038648,3.23507932564832,"Ecoli-Sanger-NIST-1"
1,2,3,3,4,4,4,0.999933893038648,2.94740276236796,"Ecoli-Sanger-NIST-1"
1,2,3,4,4,4,4,0.999933893038648,2.90657636063076,"Ecoli-Sanger-NIST-1"
1,2,4,4,4,4,4,0.999938915709384,3.23505094362866,"Ecoli-Sanger-NIST-1"
1,3,3,3,3,3,3,0.999933893038648,Inf,"Ecoli-Sanger-NIST-1"
1,3,3,3,3,3,4,0.999933893038648,5.0268883778137,"Ecoli-Sanger-NIST-1"
1,3,3,3,3,4,4,0.999933893038648,3.82291336980341,"Ecoli-Sanger-NIST-1"
1,3,3,3,4,4,4,0.999933893038648,3.23512339938387,"Ecoli-Sanger-NIST-1"
1,3,3,4,4,4,4,0.999933893038648,2.94743581776068,"Ecoli-Sanger-NIST-1"
1,3,4,4,4,4,4,0.999933893038648,2.90660280498864,"Ecoli-Sanger-NIST-1"
1,4,4,4,4,4,4,0.999945705235233,3.23506791094648,"Ecoli-Sanger-NIST-1"
2,2,2,2,2,2,2,0.999933893038648,Inf,"Ecoli-Sanger-NIST-1"
2,2,2,2,2,2,3,0.499999792735647,3.06514172492622,"Ecoli-Sanger-NIST-1"
2,2,2,2,2,2,4,0.999933893038648,Inf,"Ecoli-Sanger-NIST-1"
2,2,2,2,2,3,3,0.499999792740232,2.73663765795418,"Ecoli-Sanger-NIST-1"
2,2,2,2,2,3,4,0.714305046085735,3.20664128738679,"Ecoli-Sanger-NIST-1"
2,2,2,2,2,4,4,0.999933893038648,Inf,"Ecoli-Sanger-NIST-1"
2,2,2,2,3,3,3,0.499999792737981,2.77745965247444,"Ecoli-Sanger-NIST-1"
2,2,2,2,3,3,4,0.799981170302183,2.895242688259,"Ecoli-Sanger-NIST-1"
2,2,2,2,3,4,4,0.999956445381686,3.23504802127253,"Ecoli-Sanger-NIST-1"
2,2,2,2,4,4,4,0.999933893038648,Inf,"Ecoli-Sanger-NIST-1"
2,2,2,3,3,3,3,0.499999792735743,3.06514172492622,"Ecoli-Sanger-NIST-1"
2,2,2,3,3,3,4,0.999958482340558,2.94735868959299,"Ecoli-Sanger-NIST-1"
2,2,2,3,3,4,4,0.99993419642618,2.90655643705582,"Ecoli-Sanger-NIST-1"
2,2,2,3,4,4,4,0.999933893038648,3.23507381684112,"Ecoli-Sanger-NIST-1"
2,2,2,4,4,4,4,0.999933893038648,Inf,"Ecoli-Sanger-NIST-1"
2,2,3,3,3,3,3,0.499999792735705,3.65292838982833,"Ecoli-Sanger-NIST-1"
2,2,3,3,3,3,4,0.999956445381686,3.23504802127253,"Ecoli-Sanger-NIST-1"
2,2,3,3,3,4,4,0.999933893038648,2.94739174438933,"Ecoli-Sanger-NIST-1"
2,2,3,3,4,4,4,0.999933893038648,2.90658297174208,"Ecoli-Sanger-NIST-1"
2,2,3,4,4,4,4,0.999933893038648,3.23509585334468,"Ecoli-Sanger-NIST-1"
2,2,4,4,4,4,4,0.999933893038648,Inf,"Ecoli-Sanger-NIST-1"
2,3,3,3,3,3,3,0.499999792735662,4.85690119415427,"Ecoli-Sanger-NIST-1"
2,3,3,3,3,3,4,0.999933893038648,3.82286048174323,"Ecoli-Sanger-NIST-1"
2,3,3,3,3,4,4,0.999933893038648,3.23509585334468,"Ecoli-Sanger-NIST-1"
2,3,3,3,4,4,4,0.999933893038648,2.94742479923573,"Ecoli-Sanger-NIST-1"
2,3,3,4,4,4,4,0.999933893038648,2.90660941575032,"Ecoli-Sanger-NIST-1"
2,3,4,4,4,4,4,0.999933893038648,3.23511789009105,"Ecoli-Sanger-NIST-1"
2,4,4,4,4,4,4,0.999933893038648,Inf,"Ecoli-Sanger-NIST-1"
3,3,3,3,3,3,3,0.999933893038648,Inf,"Ecoli-Sanger-NIST-1"
3,3,3,3,3,3,4,0.999933893038648,5.02689939630829,"Ecoli-Sanger-NIST-1"
3,3,3,3,3,4,4,0.999933893038648,3.82292659198235,"Ecoli-Sanger-NIST-1"
3,3,3,3,4,4,4,0.999933893038648,3.23513992708023,"Ecoli-Sanger-NIST-1"
3,3,3,4,4,4,4,0.999933893038648,2.94745785462845,"Ecoli-Sanger-NIST-1"
3,3,4,4,4,4,4,0.999933893038648,2.9066358601082,"Ecoli-Sanger-NIST-1"
3,4,4,4,4,4,4,0.999933893038648,3.23513992708023,"Ecoli-Sanger-NIST-1"
4,4,4,4,4,4,4,0.999933893038648,Inf,"Ecoli-Sanger-NIST-1"
1,1,1,1,1,1,1,0.999933893038648,Inf,"Ecoli-Total"
1,1,1,1,1,1,2,0.162360639190364,45830.4104512364,"Ecoli-Total"
1,1,1,1,1,1,3,0.999933893038648,Inf,"Ecoli-Total"
1,1,1,1,1,1,4,0.856822032873023,71180.8919502762,"Ecoli-Total"
1,1,1,1,1,2,2,0.162360639190367,18134.8920122014,"Ecoli-Total"
1,1,1,1,1,2,3,0.167292288304677,50390.8450921646,"Ecoli-Total"
1,1,1,1,1,2,4,0.043443292186985,23678.5904144116,"Ecoli-Total"
1,1,1,1,1,3,3,0.999933893038648,Inf,"Ecoli-Total"
1,1,1,1,1,3,4,0.999925846852181,71444.9809252284,"Ecoli-Total"
1,1,1,1,1,4,4,0.856822032879793,43485.3735112412,"Ecoli-Total"
1,1,1,1,2,2,2,0.162360639190389,6430.07173808943,"Ecoli-Total"
1,1,1,1,2,2,3,0.170982219995726,23765.4027032214,"Ecoli-Total"
1,1,1,1,2,2,4,0.0347623242411731,5378.46815127728,"Ecoli-Total"
1,1,1,1,2,3,3,0.196017800390059,56182.5669909347,"Ecoli-Total"
1,1,1,1,2,3,4,6.61069613518961e-05,27838.778847112,"Ecoli-Total"
1,1,1,1,2,4,4,0.141368013193031,22479.9851486303,"Ecoli-Total"
1,1,1,1,3,3,3,0.999933893038648,Inf,"Ecoli-Total"
1,1,1,1,3,3,4,0.999930541399279,71445.3788810245,"Ecoli-Total"
1,1,1,1,3,4,4,0.999932200975303,43749.5266969583,"Ecoli-Total"
1,1,1,1,4,4,4,0.856822032879996,31780.5532371292,"Ecoli-Total"
1,1,1,2,2,2,2,0.162360639189945,3117.98803795211,"Ecoli-Total"
1,1,1,2,2,2,3,0.178222677005533,13751.5047730381,"Ecoli-Total"
1,1,1,2,2,2,4,0.0369950835668952,413.352678456344,"Ecoli-Total"
1,1,1,2,2,3,3,0.217914284241022,31076.6227193949,"Ecoli-Total"
1,1,1,2,2,3,4,6.61069613518961e-05,11222.0399199879,"Ecoli-Total"
1,1,1,2,2,4,4,0.0434432921881373,8661.68644016224,"Ecoli-Total"
1,1,1,2,3,3,3,0.274207234844242,62806.7720544543,"Ecoli-Total"
1,1,1,2,3,3,4,6.61069613518961e-05,37364.922572659,"Ecoli-Total"
1,1,1,2,3,4,4,0.267741882090419,29718.9632448476,"Ecoli-Total"
1,1,1,2,4,4,4,0.34313424860549,23753.3522591898,"Ecoli-Total"
1,1,1,3,3,3,3,0.999933893038648,Inf,"Ecoli-Total"
1,1,1,3,3,3,4,0.999933893038648,71445.7406411214,"Ecoli-Total"
1,1,1,3,3,4,4,0.999958476656228,43749.7244173645,"Ecoli-Total"
1,1,1,3,4,4,4,0.999946361458688,32044.7495155834,"Ecoli-Total"
1,1,1,4,4,4,4,0.856822032879824,28468.4695369919,"Ecoli-Total"
1,1,2,2,2,2,2,0.162360639190398,7585.63681613421,"Ecoli-Total"
1,1,2,2,2,2,3,0.196017800389985,13470.1445776502,"Ecoli-Total"
1,1,2,2,2,2,4,0.041781192347703,4503.91424152441,"Ecoli-Total"
1,1,2,2,2,3,3,0.274207234843167,23406.4333413072,"Ecoli-Total"
1,1,2,2,2,3,4,6.61069613518961e-05,10273.8872130479,"Ecoli-Total"
1,1,2,2,2,4,4,0.0359647758244352,8663.8321086684,"Ecoli-Total"
1,1,2,2,3,3,3,0.384778053342581,38932.9846798704,"Ecoli-Total"
1,1,2,2,3,3,4,6.61069613518961e-05,25104.0782215327,"Ecoli-Total"
1,1,2,2,3,4,4,6.61069613518961e-05,18744.288987893,"Ecoli-Total"
1,1,2,2,4,4,4,0.0709445428030533,19113.7290579234,"Ecoli-Total"
1,1,2,3,3,3,3,0.501490625395748,68691.0282738424,"Ecoli-Total"
1,1,2,3,3,3,4,0.999933893038648,43749.512632697,"Ecoli-Total"
1,1,2,3,3,4,4,0.999933893038648,32044.7729412218,"Ecoli-Total"
1,1,2,3,4,4,4,0.999921771500265,28732.4716725225,"Ecoli-Total"
1,1,2,4,4,4,4,0.472522890432348,30004.677963445,"Ecoli-Total"
1,1,3,3,3,3,3,0.999933893038648,Inf,"Ecoli-Total"
1,1,3,3,3,3,4,0.999933893038648,71446.1304780828,"Ecoli-Total"
1,1,3,3,3,4,4,0.999933893038648,43750.4561037009,"Ecoli-Total"
1,1,3,3,4,4,4,0.999933893038648,32045.4019279744,"Ecoli-Total"
1,1,3,4,4,4,4,0.999930541399279,28732.9564677402,"Ecoli-Total"
1,1,4,4,4,4,4,0.856822032872893,32936.118315174,"Ecoli-Total"
1,2,2,2,2,2,2,0.162360639190396,25201.8836820138,"Ecoli-Total"
1,2,2,2,2,2,3,0.274207234843161,24561.9984193521,"Ecoli-Total"
1,2,2,2,2,2,4,0.0481450143778669,22165.5581543194,"Ecoli-Total"
1,2,2,2,2,3,3,0.501490625394799,25978.6058605581,"Ecoli-Total"
1,2,2,2,2,3,4,0.0259829429817371,24561.9984179109,"Ecoli-Total"
1,2,2,2,2,4,4,0.0347623242411824,24150.2800952017,"Ecoli-Total"
1,2,2,2,3,3,3,0.679842390289313,31022.2524917532,"Ecoli-Total"
1,2,2,2,3,3,4,0.739696908640477,28547.8535079033,"Ecoli-Total"
1,2,2,2,3,4,4,6.61069613518961e-05,28436.8953460315,"Ecoli-Total"
1,2,2,2,4,4,4,0.0434432921878771,30745.5820842241,"Ecoli-Total"
1,2,2,3,3,3,3,0.789807564525311,43323.0002907692,"Ecoli-Total"
1,2,2,3,3,3,4,0.999933893038648,32044.7287360013,"Ecoli-Total"
1,2,2,3,3,4,4,0.999933893038648,28732.7645937945,"Ecoli-Total"
1,2,2,3,4,4,4,0.999933893038648,33200.2122248361,"Ecoli-Total"
1,2,2,4,4,4,4,0.141368013192074,41251.7970925549,"Ecoli-Total"
1,2,3,3,3,3,3,0.860803306946587,71260.275924884,"Ecoli-Total"
1,2,3,3,3,3,4,0.999933893038648,43749.9804409865,"Ecoli-Total"
1,2,3,3,3,4,4,0.999933893038648,32045.357698421,"Ecoli-Total"
1,2,3,3,4,4,4,0.999933893038648,28733.2363224528,"Ecoli-Total"
1,2,3,4,4,4,4,0.999933893038648,33200.5896110476,"Ecoli-Total"
1,2,4,4,4,4,4,0.551826597538249,48490.775188787,"Ecoli-Total"
1,3,3,3,3,3,3,0.999933893038648,Inf,"Ecoli-Total"
1,3,3,3,3,3,4,0.999933893038648,71446.5203197298,"Ecoli-Total"
1,3,3,3,3,4,4,0.999933893038648,43750.9239119905,"Ecoli-Total"
1,3,3,3,4,4,4,0.999933893038648,32045.9866851736,"Ecoli-Total"
1,3,3,4,4,4,4,0.999933893038648,28733.7080647985,"Ecoli-Total"
1,3,4,4,4,4,4,0.999933893038648,33200.9670060192,"Ecoli-Total"
1,4,4,4,4,4,4,0.856822032879785,50552.3651810536,"Ecoli-Total"
2,2,2,2,2,2,2,0.999933893038648,Inf,"Ecoli-Total"
2,2,2,2,2,2,3,0.999928930970212,50816.513486085,"Ecoli-Total"
2,2,2,2,2,2,4,0.999933893038648,Inf,"Ecoli-Total"
2,2,2,2,2,3,3,0.999928930970212,33200.2666202054,"Ecoli-Total"
2,2,2,2,2,3,4,0.999926416877905,50816.8721166268,"Ecoli-Total"
2,2,2,2,2,4,4,0.999933893038648,Inf,"Ecoli-Total"
2,2,2,2,3,3,3,0.999928930970212,28732.6178420231,"Ecoli-Total"
2,2,2,2,3,3,4,0.999935835198784,33200.6092728435,"Ecoli-Total"
2,2,2,2,3,4,4,0.999933893038648,50817.1254476676,"Ecoli-Total"
2,2,2,2,4,4,4,0.999933893038648,Inf,"Ecoli-Total"
2,2,2,3,3,3,3,0.999928930970212,32044.7015421605,"Ecoli-Total"
2,2,2,3,3,3,4,0.999957121108007,28732.8273649912,"Ecoli-Total"
2,2,2,3,3,4,4,0.999933893038648,33201.0043723253,"Ecoli-Total"
2,2,2,3,4,4,4,0.999933893038648,50817.4399258358,"Ecoli-Total"
2,2,2,4,4,4,4,0.999933893038648,Inf,"Ecoli-Total"
2,2,3,3,3,3,3,0.999928930970212,43749.5218162724,"Ecoli-Total"
2,2,3,3,3,3,4,0.999933893038648,32045.313503743,"Ecoli-Total"
2,2,3,3,3,4,4,0.999933893038648,28733.544281774,"Ecoli-Total"
2,2,3,3,4,4,4,0.999933893038648,33201.381749777,"Ecoli-Total"
2,2,3,4,4,4,4,0.999933893038648,50817.7544100872,"Ecoli-Total"
2,2,4,4,4,4,4,0.999933893038648,Inf,"Ecoli-Total"
2,3,3,3,3,3,3,0.999928930970212,71445.0402553076,"Ecoli-Total"
2,3,3,3,3,3,4,0.999933893038648,43750.4482560232,"Ecoli-Total"
2,3,3,3,3,4,4,0.999933893038648,32045.9424661627,"Ecoli-Total"
2,3,3,3,4,4,4,0.999933893038648,28734.0160104324,"Ecoli-Total"
2,3,3,4,4,4,4,0.999933893038648,33201.7591359887,"Ecoli-Total"
2,3,4,4,4,4,4,0.999933893038648,50818.0689004218,"Ecoli-Total"
2,4,4,4,4,4,4,0.999933893038648,Inf,"Ecoli-Total"
3,3,3,3,3,3,3,0.999933893038648,Inf,"Ecoli-Total"
3,3,3,3,3,3,4,0.999933893038648,71446.9101660624,"Ecoli-Total"
3,3,3,3,3,4,4,0.999933893038648,43751.3917270273,"Ecoli-Total"
3,3,3,3,4,4,4,0.999933893038648,32046.5714529153,"Ecoli-Total"
3,3,3,4,4,4,4,0.999933893038648,28734.487752778,"Ecoli-Total"
3,3,4,4,4,4,4,0.999933893038648,33202.1365309601,"Ecoli-Total"
3,4,4,4,4,4,4,0.999933893038648,50818.3833968398,"Ecoli-Total"
4,4,4,4,4,4,4,0.999933893038648,Inf,"Ecoli-Total"
